source,repo,build_id,run_number,event,status,conclusion,created_at,started_at,updated_at,duration_sec,head_sha,branch,commit_timestamp,commit_message_len,additions,deletions,total_changes,files_changed,run_attempt,is_failed
synthetic,synthetic/repo-1,100000,1,push,completed,success,2026-08-18T19:59:25.988038+00:00,2026-08-18T19:59:25.988038+00:00,2026-08-18T20:00:45.988038+00:00,80.0,sha00000000,main,2026-08-18T19:59:25.988038+00:00,20,3,2,5,1,2,0
synthetic,synthetic/repo-2,100001,2,push,completed,success,2026-08-18T18:59:25.988038+00:00,2026-08-18T18:59:25.988038+00:00,2026-08-18T19:00:58.988038+00:00,93.0,sha00000001,main,2026-08-18T18:59:25.988038+00:00,23,10,7,17,2,1,0
synthetic,synthetic/repo-3,100002,3,push,completed,success,2026-08-18T17:59:25.988038+00:00,2026-08-18T17:59:25.988038+00:00,2026-08-18T18:01:11.988038+00:00,106.0,sha00000002,main,2026-08-18T17:59:25.988038+00:00,26,17,12,29,3,1,0
synthetic,synthetic/repo-4,100003,4,push,completed,success,2026-08-18T16:59:25.988038+00:00,2026-08-18T16:59:25.988038+00:00,2026-08-18T17:01:24.988038+00:00,119.0,sha00000003,main,2026-08-18T16:59:25.988038+00:00,29,24,17,41,4,1,0
synthetic,synthetic/repo-1,100004,5,push,completed,success,2026-08-18T15:59:25.988038+00:00,2026-08-18T15:59:25.988038+00:00,2026-08-18T16:01:37.988038+00:00,132.0,sha00000004,main,2026-08-18T15:59:25.988038+00:00,32,31,22,53,5,1,0
synthetic,synthetic/repo-2,100005,6,push,completed,success,2026-08-18T14:59:25.988038+00:00,2026-08-18T14:59:25.988038+00:00,2026-08-18T15:01:50.988038+00:00,145.0,sha00000005,main,2026-08-18T14:59:25.988038+00:00,35,38,27,65,6,1,0
synthetic,synthetic/repo-3,100006,7,push,completed,success,2026-08-18T13:59:25.988038+00:00,2026-08-18T13:59:25.988038+00:00,2026-08-18T14:02:03.988038+00:00,158.0,sha00000006,main,2026-08-18T13:59:25.988038+00:00,38,45,32,77,7,1,0
synthetic,synthetic/repo-4,100007,8,push,completed,success,2026-08-18T12:59:25.988038+00:00,2026-08-18T12:59:25.988038+00:00,2026-08-18T13:02:16.988038+00:00,171.0,sha00000007,main,2026-08-18T12:59:25.988038+00:00,41,52,37,89,8,1,0
synthetic,synthetic/repo-1,100008,9,push,completed,success,2026-08-18T11:59:25.988038+00:00,2026-08-18T11:59:25.988038+00:00,2026-08-18T12:02:29.988038+00:00,184.0,sha00000008,main,2026-08-18T11:59:25.988038+00:00,44,59,42,101,9,1,0
synthetic,synthetic/repo-2,100009,10,push,completed,success,2026-08-18T10:59:25.988038+00:00,2026-08-18T10:59:25.988038+00:00,2026-08-18T11:02:42.988038+00:00,197.0,sha00000009,main,2026-08-18T10:59:25.988038+00:00,47,66,47,113,10,1,0
synthetic,synthetic/repo-3,100010,11,push,completed,failure,2026-08-18T09:59:25.988038+00:00,2026-08-18T09:59:25.988038+00:00,2026-08-18T10:02:55.988038+00:00,210.0,sha00000010,main,2026-08-18T09:59:25.988038+00:00,50,73,52,125,11,2,1
synthetic,synthetic/repo-4,100011,12,push,completed,success,2026-08-18T08:59:25.988038+00:00,2026-08-18T08:59:25.988038+00:00,2026-08-18T09:03:08.988038+00:00,223.0,sha00000011,main,2026-08-18T08:59:25.988038+00:00,53,80,57,137,12,1,0
synthetic,synthetic/repo-1,100012,13,push,completed,success,2026-08-18T07:59:25.988038+00:00,2026-08-18T07:59:25.988038+00:00,2026-08-18T08:03:21.988038+00:00,236.0,sha00000012,main,2026-08-18T07:59:25.988038+00:00,56,87,62,149,13,1,0
synthetic,synthetic/repo-2,100013,14,push,completed,success,2026-08-18T06:59:25.988038+00:00,2026-08-18T06:59:25.988038+00:00,2026-08-18T07:03:34.988038+00:00,249.0,sha00000013,main,2026-08-18T06:59:25.988038+00:00,59,94,67,161,14,1,0
synthetic,synthetic/repo-3,100014,15,push,completed,success,2026-08-18T05:59:25.988038+00:00,2026-08-18T05:59:25.988038+00:00,2026-08-18T06:03:47.988038+00:00,262.0,sha00000014,main,2026-08-18T05:59:25.988038+00:00,62,101,72,173,15,1,0
synthetic,synthetic/repo-4,100015,16,push,completed,success,2026-08-18T04:59:25.988038+00:00,2026-08-18T04:59:25.988038+00:00,2026-08-18T05:04:00.988038+00:00,275.0,sha00000015,main,2026-08-18T04:59:25.988038+00:00,65,108,77,185,1,1,0
synthetic,synthetic/repo-1,100016,17,push,completed,success,2026-08-18T03:59:25.988038+00:00,2026-08-18T03:59:25.988038+00:00,2026-08-18T04:04:13.988038+00:00,288.0,sha00000016,main,2026-08-18T03:59:25.988038+00:00,68,115,82,197,2,1,0
synthetic,synthetic/repo-2,100017,18,push,completed,success,2026-08-18T02:59:25.988038+00:00,2026-08-18T02:59:25.988038+00:00,2026-08-18T03:04:26.988038+00:00,301.0,sha00000017,main,2026-08-18T02:59:25.988038+00:00,71,122,87,209,3,1,0
synthetic,synthetic/repo-3,100018,19,push,completed,success,2026-08-18T01:59:25.988038+00:00,2026-08-18T01:59:25.988038+00:00,2026-08-18T02:04:39.988038+00:00,314.0,sha00000018,main,2026-08-18T01:59:25.988038+00:00,74,129,92,221,4,1,0
synthetic,synthetic/repo-4,100019,20,push,completed,success,2026-08-18T00:59:25.988038+00:00,2026-08-18T00:59:25.988038+00:00,2026-08-18T01:04:52.988038+00:00,327.0,sha00000019,main,2026-08-18T00:59:25.988038+00:00,77,136,97,233,5,1,0
synthetic,synthetic/repo-1,100020,21,push,completed,success,2026-08-17T23:59:25.988038+00:00,2026-08-17T23:59:25.988038+00:00,2026-08-18T00:05:05.988038+00:00,340.0,sha00000020,main,2026-08-17T23:59:25.988038+00:00,80,143,102,245,6,2,0
synthetic,synthetic/repo-2,100021,22,push,completed,success,2026-08-17T22:59:25.988038+00:00,2026-08-17T22:59:25.988038+00:00,2026-08-17T23:05:18.988038+00:00,353.0,sha00000021,main,2026-08-17T22:59:25.988038+00:00,83,150,107,257,7,1,0
synthetic,synthetic/repo-3,100022,23,push,completed,success,2026-08-17T21:59:25.988038+00:00,2026-08-17T21:59:25.988038+00:00,2026-08-17T22:05:31.988038+00:00,366.0,sha00000022,main,2026-08-17T21:59:25.988038+00:00,86,157,112,269,8,1,0
synthetic,synthetic/repo-4,100023,24,push,completed,success,2026-08-17T20:59:25.988038+00:00,2026-08-17T20:59:25.988038+00:00,2026-08-17T21:05:44.988038+00:00,379.0,sha00000023,main,2026-08-17T20:59:25.988038+00:00,89,164,117,281,9,1,0
synthetic,synthetic/repo-1,100024,25,push,completed,success,2026-08-17T19:59:25.988038+00:00,2026-08-17T19:59:25.988038+00:00,2026-08-17T20:05:57.988038+00:00,392.0,sha00000024,main,2026-08-17T19:59:25.988038+00:00,92,171,122,293,10,1,0
synthetic,synthetic/repo-2,100025,26,push,completed,success,2026-08-17T18:59:25.988038+00:00,2026-08-17T18:59:25.988038+00:00,2026-08-17T19:06:10.988038+00:00,405.0,sha00000025,main,2026-08-17T18:59:25.988038+00:00,95,178,127,305,11,1,0
synthetic,synthetic/repo-3,100026,27,push,completed,success,2026-08-17T17:59:25.988038+00:00,2026-08-17T17:59:25.988038+00:00,2026-08-17T18:06:23.988038+00:00,418.0,sha00000026,main,2026-08-17T17:59:25.988038+00:00,98,185,132,317,12,1,0
synthetic,synthetic/repo-4,100027,28,push,completed,success,2026-08-17T16:59:25.988038+00:00,2026-08-17T16:59:25.988038+00:00,2026-08-17T17:06:36.988038+00:00,431.0,sha00000027,main,2026-08-17T16:59:25.988038+00:00,101,192,137,329,13,1,0
synthetic,synthetic/repo-1,100028,29,push,completed,failure,2026-08-17T15:59:25.988038+00:00,2026-08-17T15:59:25.988038+00:00,2026-08-17T16:06:49.988038+00:00,444.0,sha00000028,main,2026-08-17T15:59:25.988038+00:00,104,199,142,341,14,1,1
synthetic,synthetic/repo-2,100029,30,push,completed,failure,2026-08-17T14:59:25.988038+00:00,2026-08-17T14:59:25.988038+00:00,2026-08-17T15:07:02.988038+00:00,457.0,sha00000029,main,2026-08-17T14:59:25.988038+00:00,107,206,147,353,15,1,1
synthetic,synthetic/repo-3,100030,31,push,completed,success,2026-08-17T13:59:25.988038+00:00,2026-08-17T13:59:25.988038+00:00,2026-08-17T14:07:15.988038+00:00,470.0,sha00000030,main,2026-08-17T13:59:25.988038+00:00,110,213,152,365,1,2,0
synthetic,synthetic/repo-4,100031,32,push,completed,success,2026-08-17T12:59:25.988038+00:00,2026-08-17T12:59:25.988038+00:00,2026-08-17T13:07:28.988038+00:00,483.0,sha00000031,main,2026-08-17T12:59:25.988038+00:00,113,220,157,377,2,1,0
synthetic,synthetic/repo-1,100032,33,push,completed,success,2026-08-17T11:59:25.988038+00:00,2026-08-17T11:59:25.988038+00:00,2026-08-17T12:07:41.988038+00:00,496.0,sha00000032,main,2026-08-17T11:59:25.988038+00:00,116,227,162,389,3,1,0
synthetic,synthetic/repo-2,100033,34,push,completed,success,2026-08-17T10:59:25.988038+00:00,2026-08-17T10:59:25.988038+00:00,2026-08-17T11:07:54.988038+00:00,509.0,sha00000033,main,2026-08-17T10:59:25.988038+00:00,119,234,167,401,4,1,0
synthetic,synthetic/repo-3,100034,35,push,completed,success,2026-08-17T09:59:25.988038+00:00,2026-08-17T09:59:25.988038+00:00,2026-08-17T10:08:07.988038+00:00,522.0,sha00000034,main,2026-08-17T09:59:25.988038+00:00,122,241,172,413,5,1,0
synthetic,synthetic/repo-4,100035,36,push,completed,success,2026-08-17T08:59:25.988038+00:00,2026-08-17T08:59:25.988038+00:00,2026-08-17T09:08:20.988038+00:00,535.0,sha00000035,main,2026-08-17T08:59:25.988038+00:00,125,248,177,425,6,1,0
synthetic,synthetic/repo-1,100036,37,push,completed,success,2026-08-17T07:59:25.988038+00:00,2026-08-17T07:59:25.988038+00:00,2026-08-17T08:08:33.988038+00:00,548.0,sha00000036,main,2026-08-17T07:59:25.988038+00:00,128,255,2,257,7,1,0
synthetic,synthetic/repo-2,100037,38,push,completed,success,2026-08-17T06:59:25.988038+00:00,2026-08-17T06:59:25.988038+00:00,2026-08-17T07:08:46.988038+00:00,561.0,sha00000037,main,2026-08-17T06:59:25.988038+00:00,131,262,7,269,8,1,0
synthetic,synthetic/repo-3,100038,39,push,completed,success,2026-08-17T05:59:25.988038+00:00,2026-08-17T05:59:25.988038+00:00,2026-08-17T06:08:59.988038+00:00,574.0,sha00000038,main,2026-08-17T05:59:25.988038+00:00,134,269,12,281,9,1,0
synthetic,synthetic/repo-4,100039,40,push,completed,success,2026-08-17T04:59:25.988038+00:00,2026-08-17T04:59:25.988038+00:00,2026-08-17T05:09:12.988038+00:00,587.0,sha00000039,main,2026-08-17T04:59:25.988038+00:00,137,276,17,293,10,1,0
synthetic,synthetic/repo-1,100040,41,push,completed,failure,2026-08-17T03:59:25.988038+00:00,2026-08-17T03:59:25.988038+00:00,2026-08-17T04:09:25.988038+00:00,600.0,sha00000040,main,2026-08-17T03:59:25.988038+00:00,140,283,22,305,11,2,1
synthetic,synthetic/repo-2,100041,42,push,completed,success,2026-08-17T02:59:25.988038+00:00,2026-08-17T02:59:25.988038+00:00,2026-08-17T03:09:38.988038+00:00,613.0,sha00000041,main,2026-08-17T02:59:25.988038+00:00,143,290,27,317,12,1,0
synthetic,synthetic/repo-3,100042,43,push,completed,success,2026-08-17T01:59:25.988038+00:00,2026-08-17T01:59:25.988038+00:00,2026-08-17T02:09:51.988038+00:00,626.0,sha00000042,main,2026-08-17T01:59:25.988038+00:00,146,297,32,329,13,1,0
synthetic,synthetic/repo-4,100043,44,push,completed,success,2026-08-17T00:59:25.988038+00:00,2026-08-17T00:59:25.988038+00:00,2026-08-17T01:10:04.988038+00:00,639.0,sha00000043,main,2026-08-17T00:59:25.988038+00:00,149,304,37,341,14,1,0
synthetic,synthetic/repo-1,100044,45,push,completed,failure,2026-08-16T23:59:25.988038+00:00,2026-08-16T23:59:25.988038+00:00,2026-08-17T00:10:17.988038+00:00,652.0,sha00000044,main,2026-08-16T23:59:25.988038+00:00,152,311,42,353,15,1,1
synthetic,synthetic/repo-2,100045,46,push,completed,success,2026-08-16T22:59:25.988038+00:00,2026-08-16T22:59:25.988038+00:00,2026-08-16T23:10:30.988038+00:00,665.0,sha00000045,main,2026-08-16T22:59:25.988038+00:00,155,318,47,365,1,1,0
synthetic,synthetic/repo-3,100046,47,push,completed,success,2026-08-16T21:59:25.988038+00:00,2026-08-16T21:59:25.988038+00:00,2026-08-16T22:10:43.988038+00:00,678.0,sha00000046,main,2026-08-16T21:59:25.988038+00:00,158,5,52,57,2,1,0
synthetic,synthetic/repo-4,100047,48,push,completed,success,2026-08-16T20:59:25.988038+00:00,2026-08-16T20:59:25.988038+00:00,2026-08-16T21:10:56.988038+00:00,691.0,sha00000047,main,2026-08-16T20:59:25.988038+00:00,21,12,57,69,3,1,0
synthetic,synthetic/repo-1,100048,49,push,completed,success,2026-08-16T19:59:25.988038+00:00,2026-08-16T19:59:25.988038+00:00,2026-08-16T20:11:09.988038+00:00,704.0,sha00000048,main,2026-08-16T19:59:25.988038+00:00,24,19,62,81,4,1,0
synthetic,synthetic/repo-2,100049,50,push,completed,success,2026-08-16T18:59:25.988038+00:00,2026-08-16T18:59:25.988038+00:00,2026-08-16T19:11:22.988038+00:00,717.0,sha00000049,main,2026-08-16T18:59:25.988038+00:00,27,26,67,93,5,1,0
synthetic,synthetic/repo-3,100050,51,push,completed,success,2026-08-16T17:59:25.988038+00:00,2026-08-16T17:59:25.988038+00:00,2026-08-16T18:11:35.988038+00:00,730.0,sha00000050,main,2026-08-16T17:59:25.988038+00:00,30,33,72,105,6,2,0
synthetic,synthetic/repo-4,100051,52,push,completed,success,2026-08-16T16:59:25.988038+00:00,2026-08-16T16:59:25.988038+00:00,2026-08-16T17:11:48.988038+00:00,743.0,sha00000051,main,2026-08-16T16:59:25.988038+00:00,33,40,77,117,7,1,0
synthetic,synthetic/repo-1,100052,53,push,completed,success,2026-08-16T15:59:25.988038+00:00,2026-08-16T15:59:25.988038+00:00,2026-08-16T16:12:01.988038+00:00,756.0,sha00000052,main,2026-08-16T15:59:25.988038+00:00,36,47,82,129,8,1,0
synthetic,synthetic/repo-2,100053,54,push,completed,success,2026-08-16T14:59:25.988038+00:00,2026-08-16T14:59:25.988038+00:00,2026-08-16T15:12:14.988038+00:00,769.0,sha00000053,main,2026-08-16T14:59:25.988038+00:00,39,54,87,141,9,1,0
synthetic,synthetic/repo-3,100054,55,push,completed,success,2026-08-16T13:59:25.988038+00:00,2026-08-16T13:59:25.988038+00:00,2026-08-16T14:12:27.988038+00:00,782.0,sha00000054,main,2026-08-16T13:59:25.988038+00:00,42,61,92,153,10,1,0
synthetic,synthetic/repo-4,100055,56,push,completed,success,2026-08-16T12:59:25.988038+00:00,2026-08-16T12:59:25.988038+00:00,2026-08-16T13:12:40.988038+00:00,795.0,sha00000055,main,2026-08-16T12:59:25.988038+00:00,45,68,97,165,11,1,0
synthetic,synthetic/repo-1,100056,57,push,completed,failure,2026-08-16T11:59:25.988038+00:00,2026-08-16T11:59:25.988038+00:00,2026-08-16T12:12:53.988038+00:00,808.0,sha00000056,main,2026-08-16T11:59:25.988038+00:00,48,75,102,177,12,1,1
synthetic,synthetic/repo-2,100057,58,push,completed,failure,2026-08-16T10:59:25.988038+00:00,2026-08-16T10:59:25.988038+00:00,2026-08-16T11:13:06.988038+00:00,821.0,sha00000057,main,2026-08-16T10:59:25.988038+00:00,51,82,107,189,13,1,1
synthetic,synthetic/repo-3,100058,59,push,completed,failure,2026-08-16T09:59:25.988038+00:00,2026-08-16T09:59:25.988038+00:00,2026-08-16T10:13:19.988038+00:00,834.0,sha00000058,main,2026-08-16T09:59:25.988038+00:00,54,89,112,201,14,1,1
synthetic,synthetic/repo-4,100059,60,push,completed,failure,2026-08-16T08:59:25.988038+00:00,2026-08-16T08:59:25.988038+00:00,2026-08-16T09:13:32.988038+00:00,847.0,sha00000059,main,2026-08-16T08:59:25.988038+00:00,57,96,117,213,15,1,1
synthetic,synthetic/repo-1,100060,61,push,completed,success,2026-08-16T07:59:25.988038+00:00,2026-08-16T07:59:25.988038+00:00,2026-08-16T08:13:45.988038+00:00,860.0,sha00000060,main,2026-08-16T07:59:25.988038+00:00,60,103,122,225,1,2,0
synthetic,synthetic/repo-2,100061,62,push,completed,success,2026-08-16T06:59:25.988038+00:00,2026-08-16T06:59:25.988038+00:00,2026-08-16T07:13:58.988038+00:00,873.0,sha00000061,main,2026-08-16T06:59:25.988038+00:00,63,110,127,237,2,1,0
synthetic,synthetic/repo-3,100062,63,push,completed,success,2026-08-16T05:59:25.988038+00:00,2026-08-16T05:59:25.988038+00:00,2026-08-16T06:14:11.988038+00:00,886.0,sha00000062,main,2026-08-16T05:59:25.988038+00:00,66,117,132,249,3,1,0
synthetic,synthetic/repo-4,100063,64,push,completed,success,2026-08-16T04:59:25.988038+00:00,2026-08-16T04:59:25.988038+00:00,2026-08-16T05:14:24.988038+00:00,899.0,sha00000063,main,2026-08-16T04:59:25.988038+00:00,69,124,137,261,4,1,0
synthetic,synthetic/repo-1,100064,65,push,completed,success,2026-08-16T03:59:25.988038+00:00,2026-08-16T03:59:25.988038+00:00,2026-08-16T04:14:37.988038+00:00,912.0,sha00000064,main,2026-08-16T03:59:25.988038+00:00,72,131,142,273,5,1,0
synthetic,synthetic/repo-2,100065,66,push,completed,success,2026-08-16T02:59:25.988038+00:00,2026-08-16T02:59:25.988038+00:00,2026-08-16T03:14:50.988038+00:00,925.0,sha00000065,main,2026-08-16T02:59:25.988038+00:00,75,138,147,285,6,1,0
synthetic,synthetic/repo-3,100066,67,push,completed,success,2026-08-16T01:59:25.988038+00:00,2026-08-16T01:59:25.988038+00:00,2026-08-16T02:15:03.988038+00:00,938.0,sha00000066,main,2026-08-16T01:59:25.988038+00:00,78,145,152,297,7,1,0
synthetic,synthetic/repo-4,100067,68,push,completed,success,2026-08-16T00:59:25.988038+00:00,2026-08-16T00:59:25.988038+00:00,2026-08-16T01:15:16.988038+00:00,951.0,sha00000067,main,2026-08-16T00:59:25.988038+00:00,81,152,157,309,8,1,0
synthetic,synthetic/repo-1,100068,69,push,completed,success,2026-08-15T23:59:25.988038+00:00,2026-08-15T23:59:25.988038+00:00,2026-08-16T00:15:29.988038+00:00,964.0,sha00000068,main,2026-08-15T23:59:25.988038+00:00,84,159,162,321,9,1,0
synthetic,synthetic/repo-2,100069,70,push,completed,failure,2026-08-15T22:59:25.988038+00:00,2026-08-15T22:59:25.988038+00:00,2026-08-15T23:15:42.988038+00:00,977.0,sha00000069,main,2026-08-15T22:59:25.988038+00:00,87,166,167,333,10,1,1
synthetic,synthetic/repo-3,100070,71,push,completed,failure,2026-08-15T21:59:25.988038+00:00,2026-08-15T21:59:25.988038+00:00,2026-08-15T22:15:55.988038+00:00,990.0,sha00000070,main,2026-08-15T21:59:25.988038+00:00,90,173,172,345,11,2,1
synthetic,synthetic/repo-4,100071,72,push,completed,failure,2026-08-15T20:59:25.988038+00:00,2026-08-15T20:59:25.988038+00:00,2026-08-15T21:16:08.988038+00:00,1003.0,sha00000071,main,2026-08-15T20:59:25.988038+00:00,93,180,177,357,12,1,1
synthetic,synthetic/repo-1,100072,73,push,completed,failure,2026-08-15T19:59:25.988038+00:00,2026-08-15T19:59:25.988038+00:00,2026-08-15T20:16:21.988038+00:00,1016.0,sha00000072,main,2026-08-15T19:59:25.988038+00:00,96,187,2,189,13,1,1
synthetic,synthetic/repo-2,100073,74,push,completed,failure,2026-08-15T18:59:25.988038+00:00,2026-08-15T18:59:25.988038+00:00,2026-08-15T19:16:34.988038+00:00,1029.0,sha00000073,main,2026-08-15T18:59:25.988038+00:00,99,194,7,201,14,1,1
synthetic,synthetic/repo-3,100074,75,push,completed,failure,2026-08-15T17:59:25.988038+00:00,2026-08-15T17:59:25.988038+00:00,2026-08-15T18:16:47.988038+00:00,1042.0,sha00000074,main,2026-08-15T17:59:25.988038+00:00,102,201,12,213,15,1,1
synthetic,synthetic/repo-4,100075,76,push,completed,success,2026-08-15T16:59:25.988038+00:00,2026-08-15T16:59:25.988038+00:00,2026-08-15T17:17:00.988038+00:00,1055.0,sha00000075,main,2026-08-15T16:59:25.988038+00:00,105,208,17,225,1,1,0
synthetic,synthetic/repo-1,100076,77,push,completed,success,2026-08-15T15:59:25.988038+00:00,2026-08-15T15:59:25.988038+00:00,2026-08-15T16:17:13.988038+00:00,1068.0,sha00000076,main,2026-08-15T15:59:25.988038+00:00,108,215,22,237,2,1,0
synthetic,synthetic/repo-2,100077,78,push,completed,success,2026-08-15T14:59:25.988038+00:00,2026-08-15T14:59:25.988038+00:00,2026-08-15T15:17:26.988038+00:00,1081.0,sha00000077,main,2026-08-15T14:59:25.988038+00:00,111,222,27,249,3,1,0
synthetic,synthetic/repo-3,100078,79,push,completed,success,2026-08-15T13:59:25.988038+00:00,2026-08-15T13:59:25.988038+00:00,2026-08-15T14:17:39.988038+00:00,1094.0,sha00000078,main,2026-08-15T13:59:25.988038+00:00,114,229,32,261,4,1,0
synthetic,synthetic/repo-4,100079,80,push,completed,success,2026-08-15T12:59:25.988038+00:00,2026-08-15T12:59:25.988038+00:00,2026-08-15T13:17:52.988038+00:00,1107.0,sha00000079,main,2026-08-15T12:59:25.988038+00:00,117,236,37,273,5,1,0
synthetic,synthetic/repo-1,100080,81,push,completed,failure,2026-08-15T11:59:25.988038+00:00,2026-08-15T11:59:25.988038+00:00,2026-08-15T12:18:05.988038+00:00,1120.0,sha00000080,main,2026-08-15T11:59:25.988038+00:00,120,243,42,285,6,2,1
synthetic,synthetic/repo-2,100081,82,push,completed,success,2026-08-15T10:59:25.988038+00:00,2026-08-15T10:59:25.988038+00:00,2026-08-15T11:18:18.988038+00:00,1133.0,sha00000081,main,2026-08-15T10:59:25.988038+00:00,123,250,47,297,7,1,0
synthetic,synthetic/repo-3,100082,83,push,completed,success,2026-08-15T09:59:25.988038+00:00,2026-08-15T09:59:25.988038+00:00,2026-08-15T10:18:31.988038+00:00,1146.0,sha00000082,main,2026-08-15T09:59:25.988038+00:00,126,257,52,309,8,1,0
synthetic,synthetic/repo-4,100083,84,push,completed,success,2026-08-15T08:59:25.988038+00:00,2026-08-15T08:59:25.988038+00:00,2026-08-15T09:18:44.988038+00:00,1159.0,sha00000083,main,2026-08-15T08:59:25.988038+00:00,129,264,57,321,9,1,0
synthetic,synthetic/repo-1,100084,85,push,completed,success,2026-08-15T07:59:25.988038+00:00,2026-08-15T07:59:25.988038+00:00,2026-08-15T08:18:57.988038+00:00,1172.0,sha00000084,main,2026-08-15T07:59:25.988038+00:00,132,271,62,333,10,1,0
synthetic,synthetic/repo-2,100085,86,push,completed,failure,2026-08-15T06:59:25.988038+00:00,2026-08-15T06:59:25.988038+00:00,2026-08-15T07:19:10.988038+00:00,1185.0,sha00000085,main,2026-08-15T06:59:25.988038+00:00,135,278,67,345,11,1,1
synthetic,synthetic/repo-3,100086,87,push,completed,failure,2026-08-15T05:59:25.988038+00:00,2026-08-15T05:59:25.988038+00:00,2026-08-15T06:19:23.988038+00:00,1198.0,sha00000086,main,2026-08-15T05:59:25.988038+00:00,138,285,72,357,12,1,1
synthetic,synthetic/repo-4,100087,88,push,completed,failure,2026-08-15T04:59:25.988038+00:00,2026-08-15T04:59:25.988038+00:00,2026-08-15T05:19:36.988038+00:00,1211.0,sha00000087,main,2026-08-15T04:59:25.988038+00:00,141,292,77,369,13,1,1
synthetic,synthetic/repo-1,100088,89,push,completed,failure,2026-08-15T03:59:25.988038+00:00,2026-08-15T03:59:25.988038+00:00,2026-08-15T04:19:49.988038+00:00,1224.0,sha00000088,main,2026-08-15T03:59:25.988038+00:00,144,299,82,381,14,1,1
synthetic,synthetic/repo-2,100089,90,push,completed,failure,2026-08-15T02:59:25.988038+00:00,2026-08-15T02:59:25.988038+00:00,2026-08-15T03:20:02.988038+00:00,1237.0,sha00000089,main,2026-08-15T02:59:25.988038+00:00,147,306,87,393,15,1,1
synthetic,synthetic/repo-3,100090,91,push,completed,success,2026-08-15T01:59:25.988038+00:00,2026-08-15T01:59:25.988038+00:00,2026-08-15T02:20:15.988038+00:00,1250.0,sha00000090,main,2026-08-15T01:59:25.988038+00:00,150,313,92,405,1,2,0
synthetic,synthetic/repo-4,100091,92,push,completed,success,2026-08-15T00:59:25.988038+00:00,2026-08-15T00:59:25.988038+00:00,2026-08-15T01:20:28.988038+00:00,1263.0,sha00000091,main,2026-08-15T00:59:25.988038+00:00,153,320,97,417,2,1,0
synthetic,synthetic/repo-1,100092,93,push,completed,success,2026-08-14T23:59:25.988038+00:00,2026-08-14T23:59:25.988038+00:00,2026-08-15T00:20:41.988038+00:00,1276.0,sha00000092,main,2026-08-14T23:59:25.988038+00:00,156,7,102,109,3,1,0
synthetic,synthetic/repo-2,100093,94,push,completed,success,2026-08-14T22:59:25.988038+00:00,2026-08-14T22:59:25.988038+00:00,2026-08-14T23:20:54.988038+00:00,1289.0,sha00000093,main,2026-08-14T22:59:25.988038+00:00,159,14,107,121,4,1,0
synthetic,synthetic/repo-3,100094,95,push,completed,success,2026-08-14T21:59:25.988038+00:00,2026-08-14T21:59:25.988038+00:00,2026-08-14T22:21:07.988038+00:00,1302.0,sha00000094,main,2026-08-14T21:59:25.988038+00:00,22,21,112,133,5,1,0
synthetic,synthetic/repo-4,100095,96,push,completed,success,2026-08-14T20:59:25.988038+00:00,2026-08-14T20:59:25.988038+00:00,2026-08-14T21:21:20.988038+00:00,1315.0,sha00000095,main,2026-08-14T20:59:25.988038+00:00,25,28,117,145,6,1,0
synthetic,synthetic/repo-1,100096,97,push,completed,success,2026-08-14T19:59:25.988038+00:00,2026-08-14T19:59:25.988038+00:00,2026-08-14T20:21:33.988038+00:00,1328.0,sha00000096,main,2026-08-14T19:59:25.988038+00:00,28,35,122,157,7,1,0
synthetic,synthetic/repo-2,100097,98,push,completed,failure,2026-08-14T18:59:25.988038+00:00,2026-08-14T18:59:25.988038+00:00,2026-08-14T19:21:46.988038+00:00,1341.0,sha00000097,main,2026-08-14T18:59:25.988038+00:00,31,42,127,169,8,1,1
synthetic,synthetic/repo-3,100098,99,push,completed,failure,2026-08-14T17:59:25.988038+00:00,2026-08-14T17:59:25.988038+00:00,2026-08-14T18:21:59.988038+00:00,1354.0,sha00000098,main,2026-08-14T17:59:25.988038+00:00,34,49,132,181,9,1,1
synthetic,synthetic/repo-4,100099,100,push,completed,failure,2026-08-14T16:59:25.988038+00:00,2026-08-14T16:59:25.988038+00:00,2026-08-14T17:22:12.988038+00:00,1367.0,sha00000099,main,2026-08-14T16:59:25.988038+00:00,37,56,137,193,10,1,1
synthetic,synthetic/repo-1,100100,101,push,completed,failure,2026-08-14T15:59:25.988038+00:00,2026-08-14T15:59:25.988038+00:00,2026-08-14T16:22:25.988038+00:00,1380.0,sha00000100,main,2026-08-14T15:59:25.988038+00:00,40,63,142,205,11,2,1
synthetic,synthetic/repo-2,100101,102,push,completed,failure,2026-08-14T14:59:25.988038+00:00,2026-08-14T14:59:25.988038+00:00,2026-08-14T15:22:38.988038+00:00,1393.0,sha00000101,main,2026-08-14T14:59:25.988038+00:00,43,70,147,217,12,1,1
synthetic,synthetic/repo-3,100102,103,push,completed,failure,2026-08-14T13:59:25.988038+00:00,2026-08-14T13:59:25.988038+00:00,2026-08-14T14:22:51.988038+00:00,1406.0,sha00000102,main,2026-08-14T13:59:25.988038+00:00,46,77,152,229,13,1,1
synthetic,synthetic/repo-4,100103,104,push,completed,failure,2026-08-14T12:59:25.988038+00:00,2026-08-14T12:59:25.988038+00:00,2026-08-14T13:23:04.988038+00:00,1419.0,sha00000103,main,2026-08-14T12:59:25.988038+00:00,49,84,157,241,14,1,1
synthetic,synthetic/repo-1,100104,105,push,completed,failure,2026-08-14T11:59:25.988038+00:00,2026-08-14T11:59:25.988038+00:00,2026-08-14T12:23:17.988038+00:00,1432.0,sha00000104,main,2026-08-14T11:59:25.988038+00:00,52,91,162,253,15,1,1
synthetic,synthetic/repo-2,100105,106,push,completed,success,2026-08-14T10:59:25.988038+00:00,2026-08-14T10:59:25.988038+00:00,2026-08-14T11:23:30.988038+00:00,1445.0,sha00000105,main,2026-08-14T10:59:25.988038+00:00,55,98,167,265,1,1,0
synthetic,synthetic/repo-3,100106,107,push,completed,success,2026-08-14T09:59:25.988038+00:00,2026-08-14T09:59:25.988038+00:00,2026-08-14T10:23:43.988038+00:00,1458.0,sha00000106,main,2026-08-14T09:59:25.988038+00:00,58,105,172,277,2,1,0
synthetic,synthetic/repo-4,100107,108,push,completed,success,2026-08-14T08:59:25.988038+00:00,2026-08-14T08:59:25.988038+00:00,2026-08-14T09:23:56.988038+00:00,1471.0,sha00000107,main,2026-08-14T08:59:25.988038+00:00,61,112,177,289,3,1,0
synthetic,synthetic/repo-1,100108,109,push,completed,success,2026-08-14T07:59:25.988038+00:00,2026-08-14T07:59:25.988038+00:00,2026-08-14T08:24:09.988038+00:00,1484.0,sha00000108,main,2026-08-14T07:59:25.988038+00:00,64,119,2,121,4,1,0
synthetic,synthetic/repo-2,100109,110,push,completed,success,2026-08-14T06:59:25.988038+00:00,2026-08-14T06:59:25.988038+00:00,2026-08-14T07:24:22.988038+00:00,1497.0,sha00000109,main,2026-08-14T06:59:25.988038+00:00,67,126,7,133,5,1,0
synthetic,synthetic/repo-3,100110,111,push,completed,failure,2026-08-14T05:59:25.988038+00:00,2026-08-14T05:59:25.988038+00:00,2026-08-14T06:24:35.988038+00:00,1510.0,sha00000110,main,2026-08-14T05:59:25.988038+00:00,70,133,12,145,6,2,1
synthetic,synthetic/repo-4,100111,112,push,completed,success,2026-08-14T04:59:25.988038+00:00,2026-08-14T04:59:25.988038+00:00,2026-08-14T05:24:48.988038+00:00,1523.0,sha00000111,main,2026-08-14T04:59:25.988038+00:00,73,140,17,157,7,1,0
synthetic,synthetic/repo-1,100112,113,push,completed,success,2026-08-14T03:59:25.988038+00:00,2026-08-14T03:59:25.988038+00:00,2026-08-14T04:25:01.988038+00:00,1536.0,sha00000112,main,2026-08-14T03:59:25.988038+00:00,76,147,22,169,8,1,0
synthetic,synthetic/repo-2,100113,114,push,completed,failure,2026-08-14T02:59:25.988038+00:00,2026-08-14T02:59:25.988038+00:00,2026-08-14T03:25:14.988038+00:00,1549.0,sha00000113,main,2026-08-14T02:59:25.988038+00:00,79,154,27,181,9,1,1
synthetic,synthetic/repo-3,100114,115,push,completed,failure,2026-08-14T01:59:25.988038+00:00,2026-08-14T01:59:25.988038+00:00,2026-08-14T02:25:27.988038+00:00,1562.0,sha00000114,main,2026-08-14T01:59:25.988038+00:00,82,161,32,193,10,1,1
synthetic,synthetic/repo-4,100115,116,push,completed,failure,2026-08-14T00:59:25.988038+00:00,2026-08-14T00:59:25.988038+00:00,2026-08-14T01:25:40.988038+00:00,1575.0,sha00000115,main,2026-08-14T00:59:25.988038+00:00,85,168,37,205,11,1,1
synthetic,synthetic/repo-1,100116,117,push,completed,failure,2026-08-13T23:59:25.988038+00:00,2026-08-13T23:59:25.988038+00:00,2026-08-14T00:25:53.988038+00:00,1588.0,sha00000116,main,2026-08-13T23:59:25.988038+00:00,88,175,42,217,12,1,1
synthetic,synthetic/repo-2,100117,118,push,completed,failure,2026-08-13T22:59:25.988038+00:00,2026-08-13T22:59:25.988038+00:00,2026-08-13T23:26:06.988038+00:00,1601.0,sha00000117,main,2026-08-13T22:59:25.988038+00:00,91,182,47,229,13,1,1
synthetic,synthetic/repo-3,100118,119,push,completed,failure,2026-08-13T21:59:25.988038+00:00,2026-08-13T21:59:25.988038+00:00,2026-08-13T22:26:19.988038+00:00,1614.0,sha00000118,main,2026-08-13T21:59:25.988038+00:00,94,189,52,241,14,1,1
synthetic,synthetic/repo-4,100119,120,push,completed,failure,2026-08-13T20:59:25.988038+00:00,2026-08-13T20:59:25.988038+00:00,2026-08-13T21:26:32.988038+00:00,1627.0,sha00000119,main,2026-08-13T20:59:25.988038+00:00,97,196,57,253,15,1,1
synthetic,synthetic/repo-1,100120,121,push,completed,success,2026-08-13T19:59:25.988038+00:00,2026-08-13T19:59:25.988038+00:00,2026-08-13T20:26:45.988038+00:00,1640.0,sha00000120,main,2026-08-13T19:59:25.988038+00:00,100,203,62,265,1,2,0
synthetic,synthetic/repo-2,100121,122,push,completed,success,2026-08-13T18:59:25.988038+00:00,2026-08-13T18:59:25.988038+00:00,2026-08-13T19:26:58.988038+00:00,1653.0,sha00000121,main,2026-08-13T18:59:25.988038+00:00,103,210,67,277,2,1,0
synthetic,synthetic/repo-3,100122,123,push,completed,success,2026-08-13T17:59:25.988038+00:00,2026-08-13T17:59:25.988038+00:00,2026-08-13T18:27:11.988038+00:00,1666.0,sha00000122,main,2026-08-13T17:59:25.988038+00:00,106,217,72,289,3,1,0
synthetic,synthetic/repo-4,100123,124,push,completed,success,2026-08-13T16:59:25.988038+00:00,2026-08-13T16:59:25.988038+00:00,2026-08-13T17:27:24.988038+00:00,1679.0,sha00000123,main,2026-08-13T16:59:25.988038+00:00,109,224,77,301,4,1,0
synthetic,synthetic/repo-1,100124,125,push,completed,success,2026-08-13T15:59:25.988038+00:00,2026-08-13T15:59:25.988038+00:00,2026-08-13T16:27:37.988038+00:00,1692.0,sha00000124,main,2026-08-13T15:59:25.988038+00:00,112,231,82,313,5,1,0
synthetic,synthetic/repo-2,100125,126,push,completed,success,2026-08-13T14:59:25.988038+00:00,2026-08-13T14:59:25.988038+00:00,2026-08-13T15:27:50.988038+00:00,1705.0,sha00000125,main,2026-08-13T14:59:25.988038+00:00,115,238,87,325,6,1,0
synthetic,synthetic/repo-3,100126,127,push,completed,failure,2026-08-13T13:59:25.988038+00:00,2026-08-13T13:59:25.988038+00:00,2026-08-13T14:28:03.988038+00:00,1718.0,sha00000126,main,2026-08-13T13:59:25.988038+00:00,118,245,92,337,7,1,1
synthetic,synthetic/repo-4,100127,128,push,completed,failure,2026-08-13T12:59:25.988038+00:00,2026-08-13T12:59:25.988038+00:00,2026-08-13T13:28:16.988038+00:00,1731.0,sha00000127,main,2026-08-13T12:59:25.988038+00:00,121,252,97,349,8,1,1
synthetic,synthetic/repo-1,100128,129,push,completed,failure,2026-08-13T11:59:25.988038+00:00,2026-08-13T11:59:25.988038+00:00,2026-08-13T12:28:29.988038+00:00,1744.0,sha00000128,main,2026-08-13T11:59:25.988038+00:00,124,259,102,361,9,1,1
synthetic,synthetic/repo-2,100129,130,push,completed,failure,2026-08-13T10:59:25.988038+00:00,2026-08-13T10:59:25.988038+00:00,2026-08-13T11:28:42.988038+00:00,1757.0,sha00000129,main,2026-08-13T10:59:25.988038+00:00,127,266,107,373,10,1,1
synthetic,synthetic/repo-3,100130,131,push,completed,failure,2026-08-13T09:59:25.988038+00:00,2026-08-13T09:59:25.988038+00:00,2026-08-13T10:28:55.988038+00:00,1770.0,sha00000130,main,2026-08-13T09:59:25.988038+00:00,130,273,112,385,11,2,1
synthetic,synthetic/repo-4,100131,132,push,completed,failure,2026-08-13T08:59:25.988038+00:00,2026-08-13T08:59:25.988038+00:00,2026-08-13T09:29:08.988038+00:00,1783.0,sha00000131,main,2026-08-13T08:59:25.988038+00:00,133,280,117,397,12,1,1
synthetic,synthetic/repo-1,100132,133,push,completed,failure,2026-08-13T07:59:25.988038+00:00,2026-08-13T07:59:25.988038+00:00,2026-08-13T08:29:21.988038+00:00,1796.0,sha00000132,main,2026-08-13T07:59:25.988038+00:00,136,287,122,409,13,1,1
synthetic,synthetic/repo-2,100133,134,push,completed,failure,2026-08-13T06:59:25.988038+00:00,2026-08-13T06:59:25.988038+00:00,2026-08-13T07:29:34.988038+00:00,1809.0,sha00000133,main,2026-08-13T06:59:25.988038+00:00,139,294,127,421,14,1,1
synthetic,synthetic/repo-3,100134,135,push,completed,failure,2026-08-13T05:59:25.988038+00:00,2026-08-13T05:59:25.988038+00:00,2026-08-13T06:29:47.988038+00:00,1822.0,sha00000134,main,2026-08-13T05:59:25.988038+00:00,142,301,132,433,15,1,1
synthetic,synthetic/repo-4,100135,136,push,completed,success,2026-08-13T04:59:25.988038+00:00,2026-08-13T04:59:25.988038+00:00,2026-08-13T05:30:00.988038+00:00,1835.0,sha00000135,main,2026-08-13T04:59:25.988038+00:00,145,308,137,445,1,1,0
synthetic,synthetic/repo-1,100136,137,push,completed,success,2026-08-13T03:59:25.988038+00:00,2026-08-13T03:59:25.988038+00:00,2026-08-13T04:30:13.988038+00:00,1848.0,sha00000136,main,2026-08-13T03:59:25.988038+00:00,148,315,142,457,2,1,0
synthetic,synthetic/repo-2,100137,138,push,completed,success,2026-08-13T02:59:25.988038+00:00,2026-08-13T02:59:25.988038+00:00,2026-08-13T03:30:26.988038+00:00,1861.0,sha00000137,main,2026-08-13T02:59:25.988038+00:00,151,322,147,469,3,1,0
synthetic,synthetic/repo-3,100138,139,push,completed,success,2026-08-13T01:59:25.988038+00:00,2026-08-13T01:59:25.988038+00:00,2026-08-13T02:30:39.988038+00:00,1874.0,sha00000138,main,2026-08-13T01:59:25.988038+00:00,154,9,152,161,4,1,0
synthetic,synthetic/repo-4,100139,140,push,completed,success,2026-08-13T00:59:25.988038+00:00,2026-08-13T00:59:25.988038+00:00,2026-08-13T01:00:52.988038+00:00,87.0,sha00000139,main,2026-08-13T00:59:25.988038+00:00,157,16,157,173,5,1,0
synthetic,synthetic/repo-1,100140,141,push,completed,success,2026-08-12T23:59:25.988038+00:00,2026-08-12T23:59:25.988038+00:00,2026-08-13T00:01:05.988038+00:00,100.0,sha00000140,main,2026-08-12T23:59:25.988038+00:00,20,23,162,185,6,2,0
synthetic,synthetic/repo-2,100141,142,push,completed,success,2026-08-12T22:59:25.988038+00:00,2026-08-12T22:59:25.988038+00:00,2026-08-12T23:01:18.988038+00:00,113.0,sha00000141,main,2026-08-12T22:59:25.988038+00:00,23,30,167,197,7,1,0
synthetic,synthetic/repo-3,100142,143,push,completed,success,2026-08-12T21:59:25.988038+00:00,2026-08-12T21:59:25.988038+00:00,2026-08-12T22:01:31.988038+00:00,126.0,sha00000142,main,2026-08-12T21:59:25.988038+00:00,26,37,172,209,8,1,0
synthetic,synthetic/repo-4,100143,144,push,completed,success,2026-08-12T20:59:25.988038+00:00,2026-08-12T20:59:25.988038+00:00,2026-08-12T21:01:44.988038+00:00,139.0,sha00000143,main,2026-08-12T20:59:25.988038+00:00,29,44,177,221,9,1,0
synthetic,synthetic/repo-1,100144,145,push,completed,success,2026-08-12T19:59:25.988038+00:00,2026-08-12T19:59:25.988038+00:00,2026-08-12T20:01:57.988038+00:00,152.0,sha00000144,main,2026-08-12T19:59:25.988038+00:00,32,51,2,53,10,1,0
synthetic,synthetic/repo-2,100145,146,push,completed,success,2026-08-12T18:59:25.988038+00:00,2026-08-12T18:59:25.988038+00:00,2026-08-12T19:02:10.988038+00:00,165.0,sha00000145,main,2026-08-12T18:59:25.988038+00:00,35,58,7,65,11,1,0
synthetic,synthetic/repo-3,100146,147,push,completed,success,2026-08-12T17:59:25.988038+00:00,2026-08-12T17:59:25.988038+00:00,2026-08-12T18:02:23.988038+00:00,178.0,sha00000146,main,2026-08-12T17:59:25.988038+00:00,38,65,12,77,12,1,0
synthetic,synthetic/repo-4,100147,148,push,completed,success,2026-08-12T16:59:25.988038+00:00,2026-08-12T16:59:25.988038+00:00,2026-08-12T17:02:36.988038+00:00,191.0,sha00000147,main,2026-08-12T16:59:25.988038+00:00,41,72,17,89,13,1,0
synthetic,synthetic/repo-1,100148,149,push,completed,success,2026-08-12T15:59:25.988038+00:00,2026-08-12T15:59:25.988038+00:00,2026-08-12T16:02:49.988038+00:00,204.0,sha00000148,main,2026-08-12T15:59:25.988038+00:00,44,79,22,101,14,1,0
synthetic,synthetic/repo-2,100149,150,push,completed,success,2026-08-12T14:59:25.988038+00:00,2026-08-12T14:59:25.988038+00:00,2026-08-12T15:03:02.988038+00:00,217.0,sha00000149,main,2026-08-12T14:59:25.988038+00:00,47,86,27,113,15,1,0
synthetic,synthetic/repo-3,100150,151,push,completed,success,2026-08-12T13:59:25.988038+00:00,2026-08-12T13:59:25.988038+00:00,2026-08-12T14:03:15.988038+00:00,230.0,sha00000150,main,2026-08-12T13:59:25.988038+00:00,50,93,32,125,1,2,0
synthetic,synthetic/repo-4,100151,152,push,completed,success,2026-08-12T12:59:25.988038+00:00,2026-08-12T12:59:25.988038+00:00,2026-08-12T13:03:28.988038+00:00,243.0,sha00000151,main,2026-08-12T12:59:25.988038+00:00,53,100,37,137,2,1,0
synthetic,synthetic/repo-1,100152,153,push,completed,success,2026-08-12T11:59:25.988038+00:00,2026-08-12T11:59:25.988038+00:00,2026-08-12T12:03:41.988038+00:00,256.0,sha00000152,main,2026-08-12T11:59:25.988038+00:00,56,107,42,149,3,1,0
synthetic,synthetic/repo-2,100153,154,push,completed,success,2026-08-12T10:59:25.988038+00:00,2026-08-12T10:59:25.988038+00:00,2026-08-12T11:03:54.988038+00:00,269.0,sha00000153,main,2026-08-12T10:59:25.988038+00:00,59,114,47,161,4,1,0
synthetic,synthetic/repo-3,100154,155,push,completed,success,2026-08-12T09:59:25.988038+00:00,2026-08-12T09:59:25.988038+00:00,2026-08-12T10:04:07.988038+00:00,282.0,sha00000154,main,2026-08-12T09:59:25.988038+00:00,62,121,52,173,5,1,0
synthetic,synthetic/repo-4,100155,156,push,completed,success,2026-08-12T08:59:25.988038+00:00,2026-08-12T08:59:25.988038+00:00,2026-08-12T09:04:20.988038+00:00,295.0,sha00000155,main,2026-08-12T08:59:25.988038+00:00,65,128,57,185,6,1,0
synthetic,synthetic/repo-1,100156,157,push,completed,success,2026-08-12T07:59:25.988038+00:00,2026-08-12T07:59:25.988038+00:00,2026-08-12T08:04:33.988038+00:00,308.0,sha00000156,main,2026-08-12T07:59:25.988038+00:00,68,135,62,197,7,1,0
synthetic,synthetic/repo-2,100157,158,push,completed,success,2026-08-12T06:59:25.988038+00:00,2026-08-12T06:59:25.988038+00:00,2026-08-12T07:04:46.988038+00:00,321.0,sha00000157,main,2026-08-12T06:59:25.988038+00:00,71,142,67,209,8,1,0
synthetic,synthetic/repo-3,100158,159,push,completed,success,2026-08-12T05:59:25.988038+00:00,2026-08-12T05:59:25.988038+00:00,2026-08-12T06:04:59.988038+00:00,334.0,sha00000158,main,2026-08-12T05:59:25.988038+00:00,74,149,72,221,9,1,0
synthetic,synthetic/repo-4,100159,160,push,completed,success,2026-08-12T04:59:25.988038+00:00,2026-08-12T04:59:25.988038+00:00,2026-08-12T05:05:12.988038+00:00,347.0,sha00000159,main,2026-08-12T04:59:25.988038+00:00,77,156,77,233,10,1,0
synthetic,synthetic/repo-1,100160,161,push,completed,failure,2026-08-12T03:59:25.988038+00:00,2026-08-12T03:59:25.988038+00:00,2026-08-12T04:05:25.988038+00:00,360.0,sha00000160,main,2026-08-12T03:59:25.988038+00:00,80,163,82,245,11,2,1
synthetic,synthetic/repo-2,100161,162,push,completed,success,2026-08-12T02:59:25.988038+00:00,2026-08-12T02:59:25.988038+00:00,2026-08-12T03:05:38.988038+00:00,373.0,sha00000161,main,2026-08-12T02:59:25.988038+00:00,83,170,87,257,12,1,0
synthetic,synthetic/repo-3,100162,163,push,completed,success,2026-08-12T01:59:25.988038+00:00,2026-08-12T01:59:25.988038+00:00,2026-08-12T02:05:51.988038+00:00,386.0,sha00000162,main,2026-08-12T01:59:25.988038+00:00,86,177,92,269,13,1,0
synthetic,synthetic/repo-4,100163,164,push,completed,success,2026-08-12T00:59:25.988038+00:00,2026-08-12T00:59:25.988038+00:00,2026-08-12T01:06:04.988038+00:00,399.0,sha00000163,main,2026-08-12T00:59:25.988038+00:00,89,184,97,281,14,1,0
synthetic,synthetic/repo-1,100164,165,push,completed,failure,2026-08-11T23:59:25.988038+00:00,2026-08-11T23:59:25.988038+00:00,2026-08-12T00:06:17.988038+00:00,412.0,sha00000164,main,2026-08-11T23:59:25.988038+00:00,92,191,102,293,15,1,1
synthetic,synthetic/repo-2,100165,166,push,completed,success,2026-08-11T22:59:25.988038+00:00,2026-08-11T22:59:25.988038+00:00,2026-08-11T23:06:30.988038+00:00,425.0,sha00000165,main,2026-08-11T22:59:25.988038+00:00,95,198,107,305,1,1,0
synthetic,synthetic/repo-3,100166,167,push,completed,success,2026-08-11T21:59:25.988038+00:00,2026-08-11T21:59:25.988038+00:00,2026-08-11T22:06:43.988038+00:00,438.0,sha00000166,main,2026-08-11T21:59:25.988038+00:00,98,205,112,317,2,1,0
synthetic,synthetic/repo-4,100167,168,push,completed,success,2026-08-11T20:59:25.988038+00:00,2026-08-11T20:59:25.988038+00:00,2026-08-11T21:06:56.988038+00:00,451.0,sha00000167,main,2026-08-11T20:59:25.988038+00:00,101,212,117,329,3,1,0
synthetic,synthetic/repo-1,100168,169,push,completed,success,2026-08-11T19:59:25.988038+00:00,2026-08-11T19:59:25.988038+00:00,2026-08-11T20:07:09.988038+00:00,464.0,sha00000168,main,2026-08-11T19:59:25.988038+00:00,104,219,122,341,4,1,0
synthetic,synthetic/repo-2,100169,170,push,completed,success,2026-08-11T18:59:25.988038+00:00,2026-08-11T18:59:25.988038+00:00,2026-08-11T19:07:22.988038+00:00,477.0,sha00000169,main,2026-08-11T18:59:25.988038+00:00,107,226,127,353,5,1,0
synthetic,synthetic/repo-3,100170,171,push,completed,success,2026-08-11T17:59:25.988038+00:00,2026-08-11T17:59:25.988038+00:00,2026-08-11T18:07:35.988038+00:00,490.0,sha00000170,main,2026-08-11T17:59:25.988038+00:00,110,233,132,365,6,2,0
synthetic,synthetic/repo-4,100171,172,push,completed,success,2026-08-11T16:59:25.988038+00:00,2026-08-11T16:59:25.988038+00:00,2026-08-11T17:07:48.988038+00:00,503.0,sha00000171,main,2026-08-11T16:59:25.988038+00:00,113,240,137,377,7,1,0
synthetic,synthetic/repo-1,100172,173,push,completed,success,2026-08-11T15:59:25.988038+00:00,2026-08-11T15:59:25.988038+00:00,2026-08-11T16:08:01.988038+00:00,516.0,sha00000172,main,2026-08-11T15:59:25.988038+00:00,116,247,142,389,8,1,0
synthetic,synthetic/repo-2,100173,174,push,completed,success,2026-08-11T14:59:25.988038+00:00,2026-08-11T14:59:25.988038+00:00,2026-08-11T15:08:14.988038+00:00,529.0,sha00000173,main,2026-08-11T14:59:25.988038+00:00,119,254,147,401,9,1,0
synthetic,synthetic/repo-3,100174,175,push,completed,success,2026-08-11T13:59:25.988038+00:00,2026-08-11T13:59:25.988038+00:00,2026-08-11T14:08:27.988038+00:00,542.0,sha00000174,main,2026-08-11T13:59:25.988038+00:00,122,261,152,413,10,1,0
synthetic,synthetic/repo-4,100175,176,push,completed,success,2026-08-11T12:59:25.988038+00:00,2026-08-11T12:59:25.988038+00:00,2026-08-11T13:08:40.988038+00:00,555.0,sha00000175,main,2026-08-11T12:59:25.988038+00:00,125,268,157,425,11,1,0
synthetic,synthetic/repo-1,100176,177,push,completed,success,2026-08-11T11:59:25.988038+00:00,2026-08-11T11:59:25.988038+00:00,2026-08-11T12:08:53.988038+00:00,568.0,sha00000176,main,2026-08-11T11:59:25.988038+00:00,128,275,162,437,12,1,0
synthetic,synthetic/repo-2,100177,178,push,completed,failure,2026-08-11T10:59:25.988038+00:00,2026-08-11T10:59:25.988038+00:00,2026-08-11T11:09:06.988038+00:00,581.0,sha00000177,main,2026-08-11T10:59:25.988038+00:00,131,282,167,449,13,1,1
synthetic,synthetic/repo-3,100178,179,push,completed,failure,2026-08-11T09:59:25.988038+00:00,2026-08-11T09:59:25.988038+00:00,2026-08-11T10:09:19.988038+00:00,594.0,sha00000178,main,2026-08-11T09:59:25.988038+00:00,134,289,172,461,14,1,1
synthetic,synthetic/repo-4,100179,180,push,completed,failure,2026-08-11T08:59:25.988038+00:00,2026-08-11T08:59:25.988038+00:00,2026-08-11T09:09:32.988038+00:00,607.0,sha00000179,main,2026-08-11T08:59:25.988038+00:00,137,296,177,473,15,1,1
synthetic,synthetic/repo-1,100180,181,push,completed,success,2026-08-11T07:59:25.988038+00:00,2026-08-11T07:59:25.988038+00:00,2026-08-11T08:09:45.988038+00:00,620.0,sha00000180,main,2026-08-11T07:59:25.988038+00:00,140,303,2,305,1,2,0
synthetic,synthetic/repo-2,100181,182,push,completed,success,2026-08-11T06:59:25.988038+00:00,2026-08-11T06:59:25.988038+00:00,2026-08-11T07:09:58.988038+00:00,633.0,sha00000181,main,2026-08-11T06:59:25.988038+00:00,143,310,7,317,2,1,0
synthetic,synthetic/repo-3,100182,183,push,completed,success,2026-08-11T05:59:25.988038+00:00,2026-08-11T05:59:25.988038+00:00,2026-08-11T06:10:11.988038+00:00,646.0,sha00000182,main,2026-08-11T05:59:25.988038+00:00,146,317,12,329,3,1,0
synthetic,synthetic/repo-4,100183,184,push,completed,success,2026-08-11T04:59:25.988038+00:00,2026-08-11T04:59:25.988038+00:00,2026-08-11T05:10:24.988038+00:00,659.0,sha00000183,main,2026-08-11T04:59:25.988038+00:00,149,4,17,21,4,1,0
synthetic,synthetic/repo-1,100184,185,push,completed,success,2026-08-11T03:59:25.988038+00:00,2026-08-11T03:59:25.988038+00:00,2026-08-11T04:10:37.988038+00:00,672.0,sha00000184,main,2026-08-11T03:59:25.988038+00:00,152,11,22,33,5,1,0
synthetic,synthetic/repo-2,100185,186,push,completed,success,2026-08-11T02:59:25.988038+00:00,2026-08-11T02:59:25.988038+00:00,2026-08-11T03:10:50.988038+00:00,685.0,sha00000185,main,2026-08-11T02:59:25.988038+00:00,155,18,27,45,6,1,0
synthetic,synthetic/repo-3,100186,187,push,completed,success,2026-08-11T01:59:25.988038+00:00,2026-08-11T01:59:25.988038+00:00,2026-08-11T02:11:03.988038+00:00,698.0,sha00000186,main,2026-08-11T01:59:25.988038+00:00,158,25,32,57,7,1,0
synthetic,synthetic/repo-4,100187,188,push,completed,success,2026-08-11T00:59:25.988038+00:00,2026-08-11T00:59:25.988038+00:00,2026-08-11T01:11:16.988038+00:00,711.0,sha00000187,main,2026-08-11T00:59:25.988038+00:00,21,32,37,69,8,1,0
synthetic,synthetic/repo-1,100188,189,push,completed,success,2026-08-10T23:59:25.988038+00:00,2026-08-10T23:59:25.988038+00:00,2026-08-11T00:11:29.988038+00:00,724.0,sha00000188,main,2026-08-10T23:59:25.988038+00:00,24,39,42,81,9,1,0
synthetic,synthetic/repo-2,100189,190,push,completed,success,2026-08-10T22:59:25.988038+00:00,2026-08-10T22:59:25.988038+00:00,2026-08-10T23:11:42.988038+00:00,737.0,sha00000189,main,2026-08-10T22:59:25.988038+00:00,27,46,47,93,10,1,0
synthetic,synthetic/repo-3,100190,191,push,completed,failure,2026-08-10T21:59:25.988038+00:00,2026-08-10T21:59:25.988038+00:00,2026-08-10T22:11:55.988038+00:00,750.0,sha00000190,main,2026-08-10T21:59:25.988038+00:00,30,53,52,105,11,2,1
synthetic,synthetic/repo-4,100191,192,push,completed,success,2026-08-10T20:59:25.988038+00:00,2026-08-10T20:59:25.988038+00:00,2026-08-10T21:12:08.988038+00:00,763.0,sha00000191,main,2026-08-10T20:59:25.988038+00:00,33,60,57,117,12,1,0
synthetic,synthetic/repo-1,100192,193,push,completed,failure,2026-08-10T19:59:25.988038+00:00,2026-08-10T19:59:25.988038+00:00,2026-08-10T20:12:21.988038+00:00,776.0,sha00000192,main,2026-08-10T19:59:25.988038+00:00,36,67,62,129,13,1,1
synthetic,synthetic/repo-2,100193,194,push,completed,failure,2026-08-10T18:59:25.988038+00:00,2026-08-10T18:59:25.988038+00:00,2026-08-10T19:12:34.988038+00:00,789.0,sha00000193,main,2026-08-10T18:59:25.988038+00:00,39,74,67,141,14,1,1
synthetic,synthetic/repo-3,100194,195,push,completed,failure,2026-08-10T17:59:25.988038+00:00,2026-08-10T17:59:25.988038+00:00,2026-08-10T18:12:47.988038+00:00,802.0,sha00000194,main,2026-08-10T17:59:25.988038+00:00,42,81,72,153,15,1,1
synthetic,synthetic/repo-4,100195,196,push,completed,success,2026-08-10T16:59:25.988038+00:00,2026-08-10T16:59:25.988038+00:00,2026-08-10T17:13:00.988038+00:00,815.0,sha00000195,main,2026-08-10T16:59:25.988038+00:00,45,88,77,165,1,1,0
synthetic,synthetic/repo-1,100196,197,push,completed,success,2026-08-10T15:59:25.988038+00:00,2026-08-10T15:59:25.988038+00:00,2026-08-10T16:13:13.988038+00:00,828.0,sha00000196,main,2026-08-10T15:59:25.988038+00:00,48,95,82,177,2,1,0
synthetic,synthetic/repo-2,100197,198,push,completed,success,2026-08-10T14:59:25.988038+00:00,2026-08-10T14:59:25.988038+00:00,2026-08-10T15:13:26.988038+00:00,841.0,sha00000197,main,2026-08-10T14:59:25.988038+00:00,51,102,87,189,3,1,0
synthetic,synthetic/repo-3,100198,199,push,completed,success,2026-08-10T13:59:25.988038+00:00,2026-08-10T13:59:25.988038+00:00,2026-08-10T14:13:39.988038+00:00,854.0,sha00000198,main,2026-08-10T13:59:25.988038+00:00,54,109,92,201,4,1,0
synthetic,synthetic/repo-4,100199,200,push,completed,success,2026-08-10T12:59:25.988038+00:00,2026-08-10T12:59:25.988038+00:00,2026-08-10T13:13:52.988038+00:00,867.0,sha00000199,main,2026-08-10T12:59:25.988038+00:00,57,116,97,213,5,1,0
synthetic,synthetic/repo-1,100200,201,push,completed,failure,2026-08-10T11:59:25.988038+00:00,2026-08-10T11:59:25.988038+00:00,2026-08-10T12:14:05.988038+00:00,880.0,sha00000200,main,2026-08-10T11:59:25.988038+00:00,60,123,102,225,6,2,1
synthetic,synthetic/repo-2,100201,202,push,completed,success,2026-08-10T10:59:25.988038+00:00,2026-08-10T10:59:25.988038+00:00,2026-08-10T11:14:18.988038+00:00,893.0,sha00000201,main,2026-08-10T10:59:25.988038+00:00,63,130,107,237,7,1,0
synthetic,synthetic/repo-3,100202,203,push,completed,success,2026-08-10T09:59:25.988038+00:00,2026-08-10T09:59:25.988038+00:00,2026-08-10T10:14:31.988038+00:00,906.0,sha00000202,main,2026-08-10T09:59:25.988038+00:00,66,137,112,249,8,1,0
synthetic,synthetic/repo-4,100203,204,push,completed,success,2026-08-10T08:59:25.988038+00:00,2026-08-10T08:59:25.988038+00:00,2026-08-10T09:14:44.988038+00:00,919.0,sha00000203,main,2026-08-10T08:59:25.988038+00:00,69,144,117,261,9,1,0
synthetic,synthetic/repo-1,100204,205,push,completed,success,2026-08-10T07:59:25.988038+00:00,2026-08-10T07:59:25.988038+00:00,2026-08-10T08:14:57.988038+00:00,932.0,sha00000204,main,2026-08-10T07:59:25.988038+00:00,72,151,122,273,10,1,0
synthetic,synthetic/repo-2,100205,206,push,completed,failure,2026-08-10T06:59:25.988038+00:00,2026-08-10T06:59:25.988038+00:00,2026-08-10T07:15:10.988038+00:00,945.0,sha00000205,main,2026-08-10T06:59:25.988038+00:00,75,158,127,285,11,1,1
synthetic,synthetic/repo-3,100206,207,push,completed,failure,2026-08-10T05:59:25.988038+00:00,2026-08-10T05:59:25.988038+00:00,2026-08-10T06:15:23.988038+00:00,958.0,sha00000206,main,2026-08-10T05:59:25.988038+00:00,78,165,132,297,12,1,1
synthetic,synthetic/repo-4,100207,208,push,completed,failure,2026-08-10T04:59:25.988038+00:00,2026-08-10T04:59:25.988038+00:00,2026-08-10T05:15:36.988038+00:00,971.0,sha00000207,main,2026-08-10T04:59:25.988038+00:00,81,172,137,309,13,1,1
synthetic,synthetic/repo-1,100208,209,push,completed,failure,2026-08-10T03:59:25.988038+00:00,2026-08-10T03:59:25.988038+00:00,2026-08-10T04:15:49.988038+00:00,984.0,sha00000208,main,2026-08-10T03:59:25.988038+00:00,84,179,142,321,14,1,1
synthetic,synthetic/repo-2,100209,210,push,completed,failure,2026-08-10T02:59:25.988038+00:00,2026-08-10T02:59:25.988038+00:00,2026-08-10T03:16:02.988038+00:00,997.0,sha00000209,main,2026-08-10T02:59:25.988038+00:00,87,186,147,333,15,1,1
synthetic,synthetic/repo-3,100210,211,push,completed,success,2026-08-10T01:59:25.988038+00:00,2026-08-10T01:59:25.988038+00:00,2026-08-10T02:16:15.988038+00:00,1010.0,sha00000210,main,2026-08-10T01:59:25.988038+00:00,90,193,152,345,1,2,0
synthetic,synthetic/repo-4,100211,212,push,completed,success,2026-08-10T00:59:25.988038+00:00,2026-08-10T00:59:25.988038+00:00,2026-08-10T01:16:28.988038+00:00,1023.0,sha00000211,main,2026-08-10T00:59:25.988038+00:00,93,200,157,357,2,1,0
synthetic,synthetic/repo-1,100212,213,push,completed,success,2026-08-09T23:59:25.988038+00:00,2026-08-09T23:59:25.988038+00:00,2026-08-10T00:16:41.988038+00:00,1036.0,sha00000212,main,2026-08-09T23:59:25.988038+00:00,96,207,162,369,3,1,0
synthetic,synthetic/repo-2,100213,214,push,completed,success,2026-08-09T22:59:25.988038+00:00,2026-08-09T22:59:25.988038+00:00,2026-08-09T23:16:54.988038+00:00,1049.0,sha00000213,main,2026-08-09T22:59:25.988038+00:00,99,214,167,381,4,1,0
synthetic,synthetic/repo-3,100214,215,push,completed,success,2026-08-09T21:59:25.988038+00:00,2026-08-09T21:59:25.988038+00:00,2026-08-09T22:17:07.988038+00:00,1062.0,sha00000214,main,2026-08-09T21:59:25.988038+00:00,102,221,172,393,5,1,0
synthetic,synthetic/repo-4,100215,216,push,completed,success,2026-08-09T20:59:25.988038+00:00,2026-08-09T20:59:25.988038+00:00,2026-08-09T21:17:20.988038+00:00,1075.0,sha00000215,main,2026-08-09T20:59:25.988038+00:00,105,228,177,405,6,1,0
synthetic,synthetic/repo-1,100216,217,push,completed,success,2026-08-09T19:59:25.988038+00:00,2026-08-09T19:59:25.988038+00:00,2026-08-09T20:17:33.988038+00:00,1088.0,sha00000216,main,2026-08-09T19:59:25.988038+00:00,108,235,2,237,7,1,0
synthetic,synthetic/repo-2,100217,218,push,completed,success,2026-08-09T18:59:25.988038+00:00,2026-08-09T18:59:25.988038+00:00,2026-08-09T19:17:46.988038+00:00,1101.0,sha00000217,main,2026-08-09T18:59:25.988038+00:00,111,242,7,249,8,1,0
synthetic,synthetic/repo-3,100218,219,push,completed,success,2026-08-09T17:59:25.988038+00:00,2026-08-09T17:59:25.988038+00:00,2026-08-09T18:17:59.988038+00:00,1114.0,sha00000218,main,2026-08-09T17:59:25.988038+00:00,114,249,12,261,9,1,0
synthetic,synthetic/repo-4,100219,220,push,completed,success,2026-08-09T16:59:25.988038+00:00,2026-08-09T16:59:25.988038+00:00,2026-08-09T17:18:12.988038+00:00,1127.0,sha00000219,main,2026-08-09T16:59:25.988038+00:00,117,256,17,273,10,1,0
synthetic,synthetic/repo-1,100220,221,push,completed,failure,2026-08-09T15:59:25.988038+00:00,2026-08-09T15:59:25.988038+00:00,2026-08-09T16:18:25.988038+00:00,1140.0,sha00000220,main,2026-08-09T15:59:25.988038+00:00,120,263,22,285,11,2,1
synthetic,synthetic/repo-2,100221,222,push,completed,failure,2026-08-09T14:59:25.988038+00:00,2026-08-09T14:59:25.988038+00:00,2026-08-09T15:18:38.988038+00:00,1153.0,sha00000221,main,2026-08-09T14:59:25.988038+00:00,123,270,27,297,12,1,1
synthetic,synthetic/repo-3,100222,223,push,completed,failure,2026-08-09T13:59:25.988038+00:00,2026-08-09T13:59:25.988038+00:00,2026-08-09T14:18:51.988038+00:00,1166.0,sha00000222,main,2026-08-09T13:59:25.988038+00:00,126,277,32,309,13,1,1
synthetic,synthetic/repo-4,100223,224,push,completed,failure,2026-08-09T12:59:25.988038+00:00,2026-08-09T12:59:25.988038+00:00,2026-08-09T13:19:04.988038+00:00,1179.0,sha00000223,main,2026-08-09T12:59:25.988038+00:00,129,284,37,321,14,1,1
synthetic,synthetic/repo-1,100224,225,push,completed,failure,2026-08-09T11:59:25.988038+00:00,2026-08-09T11:59:25.988038+00:00,2026-08-09T12:19:17.988038+00:00,1192.0,sha00000224,main,2026-08-09T11:59:25.988038+00:00,132,291,42,333,15,1,1
synthetic,synthetic/repo-2,100225,226,push,completed,success,2026-08-09T10:59:25.988038+00:00,2026-08-09T10:59:25.988038+00:00,2026-08-09T11:19:30.988038+00:00,1205.0,sha00000225,main,2026-08-09T10:59:25.988038+00:00,135,298,47,345,1,1,0
synthetic,synthetic/repo-3,100226,227,push,completed,success,2026-08-09T09:59:25.988038+00:00,2026-08-09T09:59:25.988038+00:00,2026-08-09T10:19:43.988038+00:00,1218.0,sha00000226,main,2026-08-09T09:59:25.988038+00:00,138,305,52,357,2,1,0
synthetic,synthetic/repo-4,100227,228,push,completed,success,2026-08-09T08:59:25.988038+00:00,2026-08-09T08:59:25.988038+00:00,2026-08-09T09:19:56.988038+00:00,1231.0,sha00000227,main,2026-08-09T08:59:25.988038+00:00,141,312,57,369,3,1,0
synthetic,synthetic/repo-1,100228,229,push,completed,success,2026-08-09T07:59:25.988038+00:00,2026-08-09T07:59:25.988038+00:00,2026-08-09T08:20:09.988038+00:00,1244.0,sha00000228,main,2026-08-09T07:59:25.988038+00:00,144,319,62,381,4,1,0
synthetic,synthetic/repo-2,100229,230,push,completed,success,2026-08-09T06:59:25.988038+00:00,2026-08-09T06:59:25.988038+00:00,2026-08-09T07:20:22.988038+00:00,1257.0,sha00000229,main,2026-08-09T06:59:25.988038+00:00,147,6,67,73,5,1,0
synthetic,synthetic/repo-3,100230,231,push,completed,success,2026-08-09T05:59:25.988038+00:00,2026-08-09T05:59:25.988038+00:00,2026-08-09T06:20:35.988038+00:00,1270.0,sha00000230,main,2026-08-09T05:59:25.988038+00:00,150,13,72,85,6,2,0
synthetic,synthetic/repo-4,100231,232,push,completed,success,2026-08-09T04:59:25.988038+00:00,2026-08-09T04:59:25.988038+00:00,2026-08-09T05:20:48.988038+00:00,1283.0,sha00000231,main,2026-08-09T04:59:25.988038+00:00,153,20,77,97,7,1,0
synthetic,synthetic/repo-1,100232,233,push,completed,success,2026-08-09T03:59:25.988038+00:00,2026-08-09T03:59:25.988038+00:00,2026-08-09T04:21:01.988038+00:00,1296.0,sha00000232,main,2026-08-09T03:59:25.988038+00:00,156,27,82,109,8,1,0
synthetic,synthetic/repo-2,100233,234,push,completed,success,2026-08-09T02:59:25.988038+00:00,2026-08-09T02:59:25.988038+00:00,2026-08-09T03:21:14.988038+00:00,1309.0,sha00000233,main,2026-08-09T02:59:25.988038+00:00,159,34,87,121,9,1,0
synthetic,synthetic/repo-3,100234,235,push,completed,failure,2026-08-09T01:59:25.988038+00:00,2026-08-09T01:59:25.988038+00:00,2026-08-09T02:21:27.988038+00:00,1322.0,sha00000234,main,2026-08-09T01:59:25.988038+00:00,22,41,92,133,10,1,1
synthetic,synthetic/repo-4,100235,236,push,completed,failure,2026-08-09T00:59:25.988038+00:00,2026-08-09T00:59:25.988038+00:00,2026-08-09T01:21:40.988038+00:00,1335.0,sha00000235,main,2026-08-09T00:59:25.988038+00:00,25,48,97,145,11,1,1
synthetic,synthetic/repo-1,100236,237,push,completed,failure,2026-08-08T23:59:25.988038+00:00,2026-08-08T23:59:25.988038+00:00,2026-08-09T00:21:53.988038+00:00,1348.0,sha00000236,main,2026-08-08T23:59:25.988038+00:00,28,55,102,157,12,1,1
synthetic,synthetic/repo-2,100237,238,push,completed,failure,2026-08-08T22:59:25.988038+00:00,2026-08-08T22:59:25.988038+00:00,2026-08-08T23:22:06.988038+00:00,1361.0,sha00000237,main,2026-08-08T22:59:25.988038+00:00,31,62,107,169,13,1,1
synthetic,synthetic/repo-3,100238,239,push,completed,failure,2026-08-08T21:59:25.988038+00:00,2026-08-08T21:59:25.988038+00:00,2026-08-08T22:22:19.988038+00:00,1374.0,sha00000238,main,2026-08-08T21:59:25.988038+00:00,34,69,112,181,14,1,1
synthetic,synthetic/repo-4,100239,240,push,completed,failure,2026-08-08T20:59:25.988038+00:00,2026-08-08T20:59:25.988038+00:00,2026-08-08T21:22:32.988038+00:00,1387.0,sha00000239,main,2026-08-08T20:59:25.988038+00:00,37,76,117,193,15,1,1
synthetic,synthetic/repo-1,100240,241,push,completed,success,2026-08-08T19:59:25.988038+00:00,2026-08-08T19:59:25.988038+00:00,2026-08-08T20:22:45.988038+00:00,1400.0,sha00000240,main,2026-08-08T19:59:25.988038+00:00,40,83,122,205,1,2,0
synthetic,synthetic/repo-2,100241,242,push,completed,success,2026-08-08T18:59:25.988038+00:00,2026-08-08T18:59:25.988038+00:00,2026-08-08T19:22:58.988038+00:00,1413.0,sha00000241,main,2026-08-08T18:59:25.988038+00:00,43,90,127,217,2,1,0
synthetic,synthetic/repo-3,100242,243,push,completed,success,2026-08-08T17:59:25.988038+00:00,2026-08-08T17:59:25.988038+00:00,2026-08-08T18:23:11.988038+00:00,1426.0,sha00000242,main,2026-08-08T17:59:25.988038+00:00,46,97,132,229,3,1,0
synthetic,synthetic/repo-4,100243,244,push,completed,success,2026-08-08T16:59:25.988038+00:00,2026-08-08T16:59:25.988038+00:00,2026-08-08T17:23:24.988038+00:00,1439.0,sha00000243,main,2026-08-08T16:59:25.988038+00:00,49,104,137,241,4,1,0
synthetic,synthetic/repo-1,100244,245,push,completed,success,2026-08-08T15:59:25.988038+00:00,2026-08-08T15:59:25.988038+00:00,2026-08-08T16:23:37.988038+00:00,1452.0,sha00000244,main,2026-08-08T15:59:25.988038+00:00,52,111,142,253,5,1,0
synthetic,synthetic/repo-2,100245,246,push,completed,success,2026-08-08T14:59:25.988038+00:00,2026-08-08T14:59:25.988038+00:00,2026-08-08T15:23:50.988038+00:00,1465.0,sha00000245,main,2026-08-08T14:59:25.988038+00:00,55,118,147,265,6,1,0
synthetic,synthetic/repo-3,100246,247,push,completed,failure,2026-08-08T13:59:25.988038+00:00,2026-08-08T13:59:25.988038+00:00,2026-08-08T14:24:03.988038+00:00,1478.0,sha00000246,main,2026-08-08T13:59:25.988038+00:00,58,125,152,277,7,1,1
synthetic,synthetic/repo-4,100247,248,push,completed,failure,2026-08-08T12:59:25.988038+00:00,2026-08-08T12:59:25.988038+00:00,2026-08-08T13:24:16.988038+00:00,1491.0,sha00000247,main,2026-08-08T12:59:25.988038+00:00,61,132,157,289,8,1,1
synthetic,synthetic/repo-1,100248,249,push,completed,failure,2026-08-08T11:59:25.988038+00:00,2026-08-08T11:59:25.988038+00:00,2026-08-08T12:24:29.988038+00:00,1504.0,sha00000248,main,2026-08-08T11:59:25.988038+00:00,64,139,162,301,9,1,1
synthetic,synthetic/repo-2,100249,250,push,completed,failure,2026-08-08T10:59:25.988038+00:00,2026-08-08T10:59:25.988038+00:00,2026-08-08T11:24:42.988038+00:00,1517.0,sha00000249,main,2026-08-08T10:59:25.988038+00:00,67,146,167,313,10,1,1
synthetic,synthetic/repo-3,100250,251,push,completed,failure,2026-08-08T09:59:25.988038+00:00,2026-08-08T09:59:25.988038+00:00,2026-08-08T10:24:55.988038+00:00,1530.0,sha00000250,main,2026-08-08T09:59:25.988038+00:00,70,153,172,325,11,2,1
synthetic,synthetic/repo-4,100251,252,push,completed,failure,2026-08-08T08:59:25.988038+00:00,2026-08-08T08:59:25.988038+00:00,2026-08-08T09:25:08.988038+00:00,1543.0,sha00000251,main,2026-08-08T08:59:25.988038+00:00,73,160,177,337,12,1,1
synthetic,synthetic/repo-1,100252,253,push,completed,failure,2026-08-08T07:59:25.988038+00:00,2026-08-08T07:59:25.988038+00:00,2026-08-08T08:25:21.988038+00:00,1556.0,sha00000252,main,2026-08-08T07:59:25.988038+00:00,76,167,2,169,13,1,1
synthetic,synthetic/repo-2,100253,254,push,completed,failure,2026-08-08T06:59:25.988038+00:00,2026-08-08T06:59:25.988038+00:00,2026-08-08T07:25:34.988038+00:00,1569.0,sha00000253,main,2026-08-08T06:59:25.988038+00:00,79,174,7,181,14,1,1
synthetic,synthetic/repo-3,100254,255,push,completed,failure,2026-08-08T05:59:25.988038+00:00,2026-08-08T05:59:25.988038+00:00,2026-08-08T06:25:47.988038+00:00,1582.0,sha00000254,main,2026-08-08T05:59:25.988038+00:00,82,181,12,193,15,1,1
synthetic,synthetic/repo-4,100255,256,push,completed,success,2026-08-08T04:59:25.988038+00:00,2026-08-08T04:59:25.988038+00:00,2026-08-08T05:26:00.988038+00:00,1595.0,sha00000255,main,2026-08-08T04:59:25.988038+00:00,85,188,17,205,1,1,0
synthetic,synthetic/repo-1,100256,257,push,completed,success,2026-08-08T03:59:25.988038+00:00,2026-08-08T03:59:25.988038+00:00,2026-08-08T04:26:13.988038+00:00,1608.0,sha00000256,main,2026-08-08T03:59:25.988038+00:00,88,195,22,217,2,1,0
synthetic,synthetic/repo-2,100257,258,push,completed,success,2026-08-08T02:59:25.988038+00:00,2026-08-08T02:59:25.988038+00:00,2026-08-08T03:26:26.988038+00:00,1621.0,sha00000257,main,2026-08-08T02:59:25.988038+00:00,91,202,27,229,3,1,0
synthetic,synthetic/repo-3,100258,259,push,completed,success,2026-08-08T01:59:25.988038+00:00,2026-08-08T01:59:25.988038+00:00,2026-08-08T02:26:39.988038+00:00,1634.0,sha00000258,main,2026-08-08T01:59:25.988038+00:00,94,209,32,241,4,1,0
synthetic,synthetic/repo-4,100259,260,push,completed,success,2026-08-08T00:59:25.988038+00:00,2026-08-08T00:59:25.988038+00:00,2026-08-08T01:26:52.988038+00:00,1647.0,sha00000259,main,2026-08-08T00:59:25.988038+00:00,97,216,37,253,5,1,0
synthetic,synthetic/repo-1,100260,261,push,completed,failure,2026-08-07T23:59:25.988038+00:00,2026-08-07T23:59:25.988038+00:00,2026-08-08T00:27:05.988038+00:00,1660.0,sha00000260,main,2026-08-07T23:59:25.988038+00:00,100,223,42,265,6,2,1
synthetic,synthetic/repo-2,100261,262,push,completed,failure,2026-08-07T22:59:25.988038+00:00,2026-08-07T22:59:25.988038+00:00,2026-08-07T23:27:18.988038+00:00,1673.0,sha00000261,main,2026-08-07T22:59:25.988038+00:00,103,230,47,277,7,1,1
synthetic,synthetic/repo-3,100262,263,push,completed,failure,2026-08-07T21:59:25.988038+00:00,2026-08-07T21:59:25.988038+00:00,2026-08-07T22:27:31.988038+00:00,1686.0,sha00000262,main,2026-08-07T21:59:25.988038+00:00,106,237,52,289,8,1,1
synthetic,synthetic/repo-4,100263,264,push,completed,failure,2026-08-07T20:59:25.988038+00:00,2026-08-07T20:59:25.988038+00:00,2026-08-07T21:27:44.988038+00:00,1699.0,sha00000263,main,2026-08-07T20:59:25.988038+00:00,109,244,57,301,9,1,1
synthetic,synthetic/repo-1,100264,265,push,completed,failure,2026-08-07T19:59:25.988038+00:00,2026-08-07T19:59:25.988038+00:00,2026-08-07T20:27:57.988038+00:00,1712.0,sha00000264,main,2026-08-07T19:59:25.988038+00:00,112,251,62,313,10,1,1
synthetic,synthetic/repo-2,100265,266,push,completed,failure,2026-08-07T18:59:25.988038+00:00,2026-08-07T18:59:25.988038+00:00,2026-08-07T19:28:10.988038+00:00,1725.0,sha00000265,main,2026-08-07T18:59:25.988038+00:00,115,258,67,325,11,1,1
synthetic,synthetic/repo-3,100266,267,push,completed,failure,2026-08-07T17:59:25.988038+00:00,2026-08-07T17:59:25.988038+00:00,2026-08-07T18:28:23.988038+00:00,1738.0,sha00000266,main,2026-08-07T17:59:25.988038+00:00,118,265,72,337,12,1,1
synthetic,synthetic/repo-4,100267,268,push,completed,failure,2026-08-07T16:59:25.988038+00:00,2026-08-07T16:59:25.988038+00:00,2026-08-07T17:28:36.988038+00:00,1751.0,sha00000267,main,2026-08-07T16:59:25.988038+00:00,121,272,77,349,13,1,1
synthetic,synthetic/repo-1,100268,269,push,completed,failure,2026-08-07T15:59:25.988038+00:00,2026-08-07T15:59:25.988038+00:00,2026-08-07T16:28:49.988038+00:00,1764.0,sha00000268,main,2026-08-07T15:59:25.988038+00:00,124,279,82,361,14,1,1
synthetic,synthetic/repo-2,100269,270,push,completed,failure,2026-08-07T14:59:25.988038+00:00,2026-08-07T14:59:25.988038+00:00,2026-08-07T15:29:02.988038+00:00,1777.0,sha00000269,main,2026-08-07T14:59:25.988038+00:00,127,286,87,373,15,1,1
synthetic,synthetic/repo-3,100270,271,push,completed,failure,2026-08-07T13:59:25.988038+00:00,2026-08-07T13:59:25.988038+00:00,2026-08-07T14:29:15.988038+00:00,1790.0,sha00000270,main,2026-08-07T13:59:25.988038+00:00,130,293,92,385,1,2,1
synthetic,synthetic/repo-4,100271,272,push,completed,success,2026-08-07T12:59:25.988038+00:00,2026-08-07T12:59:25.988038+00:00,2026-08-07T13:29:28.988038+00:00,1803.0,sha00000271,main,2026-08-07T12:59:25.988038+00:00,133,300,97,397,2,1,0
synthetic,synthetic/repo-1,100272,273,push,completed,success,2026-08-07T11:59:25.988038+00:00,2026-08-07T11:59:25.988038+00:00,2026-08-07T12:29:41.988038+00:00,1816.0,sha00000272,main,2026-08-07T11:59:25.988038+00:00,136,307,102,409,3,1,0
synthetic,synthetic/repo-2,100273,274,push,completed,success,2026-08-07T10:59:25.988038+00:00,2026-08-07T10:59:25.988038+00:00,2026-08-07T11:29:54.988038+00:00,1829.0,sha00000273,main,2026-08-07T10:59:25.988038+00:00,139,314,107,421,4,1,0
synthetic,synthetic/repo-3,100274,275,push,completed,failure,2026-08-07T09:59:25.988038+00:00,2026-08-07T09:59:25.988038+00:00,2026-08-07T10:30:07.988038+00:00,1842.0,sha00000274,main,2026-08-07T09:59:25.988038+00:00,142,321,112,433,5,1,1
synthetic,synthetic/repo-4,100275,276,push,completed,success,2026-08-07T08:59:25.988038+00:00,2026-08-07T08:59:25.988038+00:00,2026-08-07T09:30:20.988038+00:00,1855.0,sha00000275,main,2026-08-07T08:59:25.988038+00:00,145,8,117,125,6,1,0
synthetic,synthetic/repo-1,100276,277,push,completed,success,2026-08-07T07:59:25.988038+00:00,2026-08-07T07:59:25.988038+00:00,2026-08-07T08:30:33.988038+00:00,1868.0,sha00000276,main,2026-08-07T07:59:25.988038+00:00,148,15,122,137,7,1,0
synthetic,synthetic/repo-2,100277,278,push,completed,success,2026-08-07T06:59:25.988038+00:00,2026-08-07T06:59:25.988038+00:00,2026-08-07T07:00:46.988038+00:00,81.0,sha00000277,main,2026-08-07T06:59:25.988038+00:00,151,22,127,149,8,1,0
synthetic,synthetic/repo-3,100278,279,push,completed,success,2026-08-07T05:59:25.988038+00:00,2026-08-07T05:59:25.988038+00:00,2026-08-07T06:00:59.988038+00:00,94.0,sha00000278,main,2026-08-07T05:59:25.988038+00:00,154,29,132,161,9,1,0
synthetic,synthetic/repo-4,100279,280,push,completed,success,2026-08-07T04:59:25.988038+00:00,2026-08-07T04:59:25.988038+00:00,2026-08-07T05:01:12.988038+00:00,107.0,sha00000279,main,2026-08-07T04:59:25.988038+00:00,157,36,137,173,10,1,0
synthetic,synthetic/repo-1,100280,281,push,completed,failure,2026-08-07T03:59:25.988038+00:00,2026-08-07T03:59:25.988038+00:00,2026-08-07T04:01:25.988038+00:00,120.0,sha00000280,main,2026-08-07T03:59:25.988038+00:00,20,43,142,185,11,2,1
synthetic,synthetic/repo-2,100281,282,push,completed,success,2026-08-07T02:59:25.988038+00:00,2026-08-07T02:59:25.988038+00:00,2026-08-07T03:01:38.988038+00:00,133.0,sha00000281,main,2026-08-07T02:59:25.988038+00:00,23,50,147,197,12,1,0
synthetic,synthetic/repo-3,100282,283,push,completed,success,2026-08-07T01:59:25.988038+00:00,2026-08-07T01:59:25.988038+00:00,2026-08-07T02:01:51.988038+00:00,146.0,sha00000282,main,2026-08-07T01:59:25.988038+00:00,26,57,152,209,13,1,0
synthetic,synthetic/repo-4,100283,284,push,completed,success,2026-08-07T00:59:25.988038+00:00,2026-08-07T00:59:25.988038+00:00,2026-08-07T01:02:04.988038+00:00,159.0,sha00000283,main,2026-08-07T00:59:25.988038+00:00,29,64,157,221,14,1,0
synthetic,synthetic/repo-1,100284,285,push,completed,failure,2026-08-06T23:59:25.988038+00:00,2026-08-06T23:59:25.988038+00:00,2026-08-07T00:02:17.988038+00:00,172.0,sha00000284,main,2026-08-06T23:59:25.988038+00:00,32,71,162,233,15,1,1
synthetic,synthetic/repo-2,100285,286,push,completed,success,2026-08-06T22:59:25.988038+00:00,2026-08-06T22:59:25.988038+00:00,2026-08-06T23:02:30.988038+00:00,185.0,sha00000285,main,2026-08-06T22:59:25.988038+00:00,35,78,167,245,1,1,0
synthetic,synthetic/repo-3,100286,287,push,completed,success,2026-08-06T21:59:25.988038+00:00,2026-08-06T21:59:25.988038+00:00,2026-08-06T22:02:43.988038+00:00,198.0,sha00000286,main,2026-08-06T21:59:25.988038+00:00,38,85,172,257,2,1,0
synthetic,synthetic/repo-4,100287,288,push,completed,success,2026-08-06T20:59:25.988038+00:00,2026-08-06T20:59:25.988038+00:00,2026-08-06T21:02:56.988038+00:00,211.0,sha00000287,main,2026-08-06T20:59:25.988038+00:00,41,92,177,269,3,1,0
synthetic,synthetic/repo-1,100288,289,push,completed,success,2026-08-06T19:59:25.988038+00:00,2026-08-06T19:59:25.988038+00:00,2026-08-06T20:03:09.988038+00:00,224.0,sha00000288,main,2026-08-06T19:59:25.988038+00:00,44,99,2,101,4,1,0
synthetic,synthetic/repo-2,100289,290,push,completed,success,2026-08-06T18:59:25.988038+00:00,2026-08-06T18:59:25.988038+00:00,2026-08-06T19:03:22.988038+00:00,237.0,sha00000289,main,2026-08-06T18:59:25.988038+00:00,47,106,7,113,5,1,0
synthetic,synthetic/repo-3,100290,291,push,completed,success,2026-08-06T17:59:25.988038+00:00,2026-08-06T17:59:25.988038+00:00,2026-08-06T18:03:35.988038+00:00,250.0,sha00000290,main,2026-08-06T17:59:25.988038+00:00,50,113,12,125,6,2,0
synthetic,synthetic/repo-4,100291,292,push,completed,success,2026-08-06T16:59:25.988038+00:00,2026-08-06T16:59:25.988038+00:00,2026-08-06T17:03:48.988038+00:00,263.0,sha00000291,main,2026-08-06T16:59:25.988038+00:00,53,120,17,137,7,1,0
synthetic,synthetic/repo-1,100292,293,push,completed,success,2026-08-06T15:59:25.988038+00:00,2026-08-06T15:59:25.988038+00:00,2026-08-06T16:04:01.988038+00:00,276.0,sha00000292,main,2026-08-06T15:59:25.988038+00:00,56,127,22,149,8,1,0
synthetic,synthetic/repo-2,100293,294,push,completed,success,2026-08-06T14:59:25.988038+00:00,2026-08-06T14:59:25.988038+00:00,2026-08-06T15:04:14.988038+00:00,289.0,sha00000293,main,2026-08-06T14:59:25.988038+00:00,59,134,27,161,9,1,0
synthetic,synthetic/repo-3,100294,295,push,completed,success,2026-08-06T13:59:25.988038+00:00,2026-08-06T13:59:25.988038+00:00,2026-08-06T14:04:27.988038+00:00,302.0,sha00000294,main,2026-08-06T13:59:25.988038+00:00,62,141,32,173,10,1,0
synthetic,synthetic/repo-4,100295,296,push,completed,success,2026-08-06T12:59:25.988038+00:00,2026-08-06T12:59:25.988038+00:00,2026-08-06T13:04:40.988038+00:00,315.0,sha00000295,main,2026-08-06T12:59:25.988038+00:00,65,148,37,185,11,1,0
synthetic,synthetic/repo-1,100296,297,push,completed,success,2026-08-06T11:59:25.988038+00:00,2026-08-06T11:59:25.988038+00:00,2026-08-06T12:04:53.988038+00:00,328.0,sha00000296,main,2026-08-06T11:59:25.988038+00:00,68,155,42,197,12,1,0
synthetic,synthetic/repo-2,100297,298,push,completed,success,2026-08-06T10:59:25.988038+00:00,2026-08-06T10:59:25.988038+00:00,2026-08-06T11:05:06.988038+00:00,341.0,sha00000297,main,2026-08-06T10:59:25.988038+00:00,71,162,47,209,13,1,0
synthetic,synthetic/repo-3,100298,299,push,completed,success,2026-08-06T09:59:25.988038+00:00,2026-08-06T09:59:25.988038+00:00,2026-08-06T10:05:19.988038+00:00,354.0,sha00000298,main,2026-08-06T09:59:25.988038+00:00,74,169,52,221,14,1,0
synthetic,synthetic/repo-4,100299,300,push,completed,success,2026-08-06T08:59:25.988038+00:00,2026-08-06T08:59:25.988038+00:00,2026-08-06T09:05:32.988038+00:00,367.0,sha00000299,main,2026-08-06T08:59:25.988038+00:00,77,176,57,233,15,1,0
