source,repo,build_id,run_number,workflow_name,event,status,conclusion,created_at,started_at,updated_at,duration_sec,head_sha,branch,commit_timestamp,commit_message_len,additions,deletions,total_changes,files_changed,run_attempt,html_url
github_actions,psf/requests,33136310822,7962,Lock Threads,schedule,completed,success,2026-08-28T02:34:16Z,2026-08-28T02:34:16Z,2026-08-28T02:34:25Z,9.0,5460f467b02e49471c0fd6cfc9ca0adab6351f98,main,2026-08-25T00:45:57Z,53,1,1,2,1,1,https://github.com/psf/requests/actions/runs/33136310822
github_actions,psf/requests,33029316449,7961,Lock Threads,schedule,completed,success,2026-08-27T01:11:47Z,2026-08-27T01:11:47Z,2026-08-27T01:11:55Z,8.0,5460f467b02e49471c0fd6cfc9ca0adab6351f98,main,2026-08-25T00:45:57Z,53,1,1,2,1,1,https://github.com/psf/requests/actions/runs/33029316449
github_actions,psf/requests,32913551879,7960,Lock Threads,schedule,completed,success,2026-08-26T00:04:36Z,2026-08-26T00:04:36Z,2026-08-26T00:05:42Z,66.0,5460f467b02e49471c0fd6cfc9ca0adab6351f98,main,2026-08-25T00:45:57Z,53,1,1,2,1,1,https://github.com/psf/requests/actions/runs/32913551879
github_actions,psf/requests,32794937216,1691,Lint code,push,completed,success,2026-08-25T00:46:00Z,2026-08-25T00:46:00Z,2026-08-25T00:46:19Z,19.0,5460f467b02e49471c0fd6cfc9ca0adab6351f98,main,2026-08-25T00:45:57Z,53,1,1,2,1,1,https://github.com/psf/requests/actions/runs/32794937216
github_actions,psf/requests,32794937237,309,Type Check,push,completed,success,2026-08-25T00:46:00Z,2026-08-25T00:46:00Z,2026-08-25T00:46:25Z,25.0,5460f467b02e49471c0fd6cfc9ca0adab6351f98,main,2026-08-25T00:45:57Z,53,1,1,2,1,1,https://github.com/psf/requests/actions/runs/32794937237
github_actions,psf/requests,32794937244,2209,CodeQL,push,completed,success,2026-08-25T00:46:00Z,2026-08-25T00:46:00Z,2026-08-25T00:47:08Z,68.0,5460f467b02e49471c0fd6cfc9ca0adab6351f98,main,2026-08-25T00:45:57Z,53,1,1,2,1,1,https://github.com/psf/requests/actions/runs/32794937244
github_actions,psf/requests,32794937310,368,GitHub Actions Security Analysis with zizmor 🌈,push,completed,success,2026-08-25T00:46:00Z,2026-08-25T00:46:00Z,2026-08-25T00:46:22Z,22.0,5460f467b02e49471c0fd6cfc9ca0adab6351f98,main,2026-08-25T00:45:57Z,53,1,1,2,1,1,https://github.com/psf/requests/actions/runs/32794937310
github_actions,psf/requests,32794937211,2165,Tests,push,completed,success,2026-08-25T00:46:00Z,2026-08-25T00:46:00Z,2026-08-25T00:50:36Z,276.0,5460f467b02e49471c0fd6cfc9ca0adab6351f98,main,2026-08-25T00:45:57Z,53,1,1,2,1,1,https://github.com/psf/requests/actions/runs/32794937211
github_actions,psf/requests,32794206150,1690,Lint code,pull_request,completed,success,2026-08-25T00:34:53Z,2026-08-25T00:34:53Z,2026-08-25T00:35:20Z,27.0,5eb28753421fe1d32fa5482f9320e78bf9dfb064,fix-gh-token,2026-08-25T00:33:04Z,45,1,1,2,1,1,https://github.com/psf/requests/actions/runs/32794206150
github_actions,psf/requests,32794206179,308,Type Check,pull_request,completed,success,2026-08-25T00:34:53Z,2026-08-25T00:34:53Z,2026-08-25T00:35:21Z,28.0,5eb28753421fe1d32fa5482f9320e78bf9dfb064,fix-gh-token,2026-08-25T00:33:04Z,45,1,1,2,1,1,https://github.com/psf/requests/actions/runs/32794206179
github_actions,psf/requests,32794206175,2208,CodeQL,pull_request,completed,success,2026-08-25T00:34:53Z,2026-08-25T00:34:53Z,2026-08-25T00:35:44Z,51.0,5eb28753421fe1d32fa5482f9320e78bf9dfb064,fix-gh-token,2026-08-25T00:33:04Z,45,1,1,2,1,1,https://github.com/psf/requests/actions/runs/32794206175
github_actions,psf/requests,32794206178,2164,Tests,pull_request,completed,success,2026-08-25T00:34:53Z,2026-08-25T00:34:53Z,2026-08-25T00:39:04Z,251.0,5eb28753421fe1d32fa5482f9320e78bf9dfb064,fix-gh-token,2026-08-25T00:33:04Z,45,1,1,2,1,1,https://github.com/psf/requests/actions/runs/32794206178
github_actions,psf/requests,32794206140,367,GitHub Actions Security Analysis with zizmor 🌈,pull_request,completed,success,2026-08-25T00:34:53Z,2026-08-25T00:34:53Z,2026-08-25T00:35:16Z,23.0,5eb28753421fe1d32fa5482f9320e78bf9dfb064,fix-gh-token,2026-08-25T00:33:04Z,45,1,1,2,1,1,https://github.com/psf/requests/actions/runs/32794206140
github_actions,psf/requests,32794087703,2163,Tests,push,completed,success,2026-08-25T00:33:07Z,2026-08-25T00:33:07Z,2026-08-25T00:37:27Z,260.0,5eb28753421fe1d32fa5482f9320e78bf9dfb064,fix-gh-token,2026-08-25T00:33:04Z,45,1,1,2,1,1,https://github.com/psf/requests/actions/runs/32794087703
github_actions,psf/requests,32794087694,307,Type Check,push,completed,success,2026-08-25T00:33:07Z,2026-08-25T00:33:07Z,2026-08-25T00:33:24Z,17.0,5eb28753421fe1d32fa5482f9320e78bf9dfb064,fix-gh-token,2026-08-25T00:33:04Z,45,1,1,2,1,1,https://github.com/psf/requests/actions/runs/32794087694
github_actions,psf/requests,32794087722,1689,Lint code,push,completed,success,2026-08-25T00:33:07Z,2026-08-25T00:33:07Z,2026-08-25T00:33:31Z,24.0,5eb28753421fe1d32fa5482f9320e78bf9dfb064,fix-gh-token,2026-08-25T00:33:04Z,45,1,1,2,1,1,https://github.com/psf/requests/actions/runs/32794087722
github_actions,psf/requests,32792099048,7959,Lock Threads,schedule,completed,failure,2026-08-25T00:04:16Z,2026-08-25T00:04:16Z,2026-08-25T00:04:23Z,7.0,6af0b94158bbe10c45e754e85f9701f401e6aa9c,main,2026-08-24T17:33:15Z,760,1,1,2,1,1,https://github.com/psf/requests/actions/runs/32792099048
github_actions,psf/requests,32757293924,2162,Tests,push,completed,success,2026-08-24T17:33:18Z,2026-08-24T17:33:18Z,2026-08-24T17:38:18Z,300.0,6af0b94158bbe10c45e754e85f9701f401e6aa9c,main,2026-08-24T17:33:15Z,760,1,1,2,1,1,https://github.com/psf/requests/actions/runs/32757293924
github_actions,psf/requests,32757293937,306,Type Check,push,completed,success,2026-08-24T17:33:18Z,2026-08-24T17:33:18Z,2026-08-24T17:33:54Z,36.0,6af0b94158bbe10c45e754e85f9701f401e6aa9c,main,2026-08-24T17:33:15Z,760,1,1,2,1,1,https://github.com/psf/requests/actions/runs/32757293937
github_actions,psf/requests,32757293933,366,GitHub Actions Security Analysis with zizmor 🌈,push,completed,success,2026-08-24T17:33:18Z,2026-08-24T17:33:18Z,2026-08-24T17:33:50Z,32.0,6af0b94158bbe10c45e754e85f9701f401e6aa9c,main,2026-08-24T17:33:15Z,760,1,1,2,1,1,https://github.com/psf/requests/actions/runs/32757293933
github_actions,psf/requests,32757293934,1688,Lint code,push,completed,success,2026-08-24T17:33:18Z,2026-08-24T17:33:18Z,2026-08-24T17:33:44Z,26.0,6af0b94158bbe10c45e754e85f9701f401e6aa9c,main,2026-08-24T17:33:15Z,760,1,1,2,1,1,https://github.com/psf/requests/actions/runs/32757293934
github_actions,psf/requests,32757294005,2207,CodeQL,push,completed,success,2026-08-24T17:33:18Z,2026-08-24T17:33:18Z,2026-08-24T17:34:34Z,76.0,6af0b94158bbe10c45e754e85f9701f401e6aa9c,main,2026-08-24T17:33:15Z,760,1,1,2,1,1,https://github.com/psf/requests/actions/runs/32757294005
github_actions,psf/requests,32753548636,2161,Tests,pull_request,completed,success,2026-08-24T16:54:33Z,2026-08-24T16:54:33Z,2026-08-24T16:59:05Z,272.0,a42344e766bcbc27ae1296f4c564cafdd3bfd66a,dependabot/pre_commit/pre-commit-40da8d85bd,2026-08-24T16:54:27Z,668,1,1,2,1,1,https://github.com/psf/requests/actions/runs/32753548636
github_actions,psf/requests,32753548481,305,Type Check,pull_request,completed,success,2026-08-24T16:54:33Z,2026-08-24T16:54:33Z,2026-08-24T16:54:57Z,24.0,a42344e766bcbc27ae1296f4c564cafdd3bfd66a,dependabot/pre_commit/pre-commit-40da8d85bd,2026-08-24T16:54:27Z,668,1,1,2,1,1,https://github.com/psf/requests/actions/runs/32753548481
github_actions,psf/requests,32753548647,2206,CodeQL,pull_request,completed,success,2026-08-24T16:54:33Z,2026-08-24T16:54:33Z,2026-08-24T16:55:20Z,47.0,a42344e766bcbc27ae1296f4c564cafdd3bfd66a,dependabot/pre_commit/pre-commit-40da8d85bd,2026-08-24T16:54:27Z,668,1,1,2,1,1,https://github.com/psf/requests/actions/runs/32753548647
github_actions,psf/requests,32753548839,365,GitHub Actions Security Analysis with zizmor 🌈,pull_request,completed,success,2026-08-24T16:54:33Z,2026-08-24T16:54:33Z,2026-08-24T16:54:55Z,22.0,a42344e766bcbc27ae1296f4c564cafdd3bfd66a,dependabot/pre_commit/pre-commit-40da8d85bd,2026-08-24T16:54:27Z,668,1,1,2,1,1,https://github.com/psf/requests/actions/runs/32753548839
github_actions,psf/requests,32753548468,1687,Lint code,pull_request,completed,success,2026-08-24T16:54:33Z,2026-08-24T16:54:33Z,2026-08-24T16:54:57Z,24.0,a42344e766bcbc27ae1296f4c564cafdd3bfd66a,dependabot/pre_commit/pre-commit-40da8d85bd,2026-08-24T16:54:27Z,668,1,1,2,1,1,https://github.com/psf/requests/actions/runs/32753548468
github_actions,psf/requests,32753542785,304,Type Check,push,completed,success,2026-08-24T16:54:30Z,2026-08-24T16:54:30Z,2026-08-24T16:54:50Z,20.0,a42344e766bcbc27ae1296f4c564cafdd3bfd66a,dependabot/pre_commit/pre-commit-40da8d85bd,2026-08-24T16:54:27Z,668,1,1,2,1,1,https://github.com/psf/requests/actions/runs/32753542785
github_actions,psf/requests,32753542800,1686,Lint code,push,completed,success,2026-08-24T16:54:30Z,2026-08-24T16:54:30Z,2026-08-24T16:54:51Z,21.0,a42344e766bcbc27ae1296f4c564cafdd3bfd66a,dependabot/pre_commit/pre-commit-40da8d85bd,2026-08-24T16:54:27Z,668,1,1,2,1,1,https://github.com/psf/requests/actions/runs/32753542800
github_actions,psf/requests,32753542817,2160,Tests,push,completed,success,2026-08-24T16:54:30Z,2026-08-24T17:17:02Z,2026-08-24T17:20:45Z,223.0,a42344e766bcbc27ae1296f4c564cafdd3bfd66a,dependabot/pre_commit/pre-commit-40da8d85bd,2026-08-24T16:54:27Z,668,1,1,2,1,2,https://github.com/psf/requests/actions/runs/32753542817
github_actions,psf/requests,32753459310,126,pre_commit in /. - Update #1538992482,dynamic,completed,success,2026-08-24T16:53:39Z,2026-08-24T16:53:39Z,2026-08-24T16:54:32Z,53.0,8f8b212de8c2129d7954c6cd373762880375620a,main,2026-08-17T19:03:13Z,760,1,1,2,1,1,https://github.com/psf/requests/actions/runs/32753459310
github_actions,psf/requests,32753311237,125,github_actions in /. - Update #1538988289,dynamic,completed,success,2026-08-24T16:52:08Z,2026-08-24T16:52:08Z,2026-08-24T16:53:09Z,61.0,8f8b212de8c2129d7954c6cd373762880375620a,main,2026-08-17T19:03:13Z,760,1,1,2,1,1,https://github.com/psf/requests/actions/runs/32753311237
github_actions,psf/requests,32675467241,7958,Lock Threads,schedule,completed,failure,2026-08-24T00:03:57Z,2026-08-24T00:03:57Z,2026-08-24T00:04:06Z,9.0,8f8b212de8c2129d7954c6cd373762880375620a,main,2026-08-17T19:03:13Z,760,1,1,2,1,1,https://github.com/psf/requests/actions/runs/32675467241
github_actions,psf/requests,32672373958,2205,CodeQL,schedule,completed,success,2026-08-23T23:01:36Z,2026-08-23T23:01:36Z,2026-08-23T23:02:49Z,73.0,8f8b212de8c2129d7954c6cd373762880375620a,main,2026-08-17T19:03:13Z,760,1,1,2,1,1,https://github.com/psf/requests/actions/runs/32672373958
github_actions,psf/requests,32606896215,7957,Lock Threads,schedule,completed,failure,2026-08-23T00:04:07Z,2026-08-23T00:04:07Z,2026-08-23T00:04:15Z,8.0,8f8b212de8c2129d7954c6cd373762880375620a,main,2026-08-17T19:03:13Z,760,1,1,2,1,1,https://github.com/psf/requests/actions/runs/32606896215
github_actions,psf/requests,32539111078,7956,Lock Threads,schedule,completed,failure,2026-08-22T00:04:20Z,2026-08-22T00:04:20Z,2026-08-22T00:04:26Z,6.0,8f8b212de8c2129d7954c6cd373762880375620a,main,2026-08-17T19:03:13Z,760,1,1,2,1,1,https://github.com/psf/requests/actions/runs/32539111078
github_actions,psf/requests,32431283954,7955,Lock Threads,schedule,completed,failure,2026-08-21T00:05:13Z,2026-08-21T00:05:13Z,2026-08-21T00:05:22Z,9.0,8f8b212de8c2129d7954c6cd373762880375620a,main,2026-08-17T19:03:13Z,760,1,1,2,1,1,https://github.com/psf/requests/actions/runs/32431283954
github_actions,psf/requests,32315849136,7954,Lock Threads,schedule,completed,failure,2026-08-20T00:04:12Z,2026-08-20T00:04:12Z,2026-08-20T00:04:20Z,8.0,8f8b212de8c2129d7954c6cd373762880375620a,main,2026-08-17T19:03:13Z,760,1,1,2,1,1,https://github.com/psf/requests/actions/runs/32315849136
github_actions,psf/requests,32199733570,7953,Lock Threads,schedule,completed,failure,2026-08-19T00:03:32Z,2026-08-19T00:03:32Z,2026-08-19T00:03:38Z,6.0,8f8b212de8c2129d7954c6cd373762880375620a,main,2026-08-17T19:03:13Z,760,1,1,2,1,1,https://github.com/psf/requests/actions/runs/32199733570
github_actions,psf/requests,32083021746,7952,Lock Threads,schedule,completed,failure,2026-08-18T00:03:52Z,2026-08-18T00:03:52Z,2026-08-18T00:03:58Z,6.0,8f8b212de8c2129d7954c6cd373762880375620a,main,2026-08-17T19:03:13Z,760,1,1,2,1,1,https://github.com/psf/requests/actions/runs/32083021746
github_actions,psf/requests,32058209476,2159,Tests,push,completed,success,2026-08-17T19:03:16Z,2026-08-17T19:03:16Z,2026-08-17T19:07:41Z,265.0,8f8b212de8c2129d7954c6cd373762880375620a,main,2026-08-17T19:03:13Z,760,1,1,2,1,1,https://github.com/psf/requests/actions/runs/32058209476
github_actions,psf/requests,32058209469,303,Type Check,push,completed,success,2026-08-17T19:03:16Z,2026-08-17T19:03:16Z,2026-08-17T19:03:38Z,22.0,8f8b212de8c2129d7954c6cd373762880375620a,main,2026-08-17T19:03:13Z,760,1,1,2,1,1,https://github.com/psf/requests/actions/runs/32058209469
github_actions,psf/requests,32058209589,1685,Lint code,push,completed,success,2026-08-17T19:03:16Z,2026-08-17T19:03:16Z,2026-08-17T19:03:46Z,30.0,8f8b212de8c2129d7954c6cd373762880375620a,main,2026-08-17T19:03:13Z,760,1,1,2,1,1,https://github.com/psf/requests/actions/runs/32058209589
github_actions,psf/requests,32058209441,364,GitHub Actions Security Analysis with zizmor 🌈,push,completed,success,2026-08-17T19:03:16Z,2026-08-17T19:03:16Z,2026-08-17T19:03:44Z,28.0,8f8b212de8c2129d7954c6cd373762880375620a,main,2026-08-17T19:03:13Z,760,1,1,2,1,1,https://github.com/psf/requests/actions/runs/32058209441
github_actions,psf/requests,32058209431,2204,CodeQL,push,completed,success,2026-08-17T19:03:16Z,2026-08-17T19:03:16Z,2026-08-17T19:04:28Z,72.0,8f8b212de8c2129d7954c6cd373762880375620a,main,2026-08-17T19:03:13Z,760,1,1,2,1,1,https://github.com/psf/requests/actions/runs/32058209431
github_actions,psf/requests,32056132987,2203,CodeQL,pull_request,completed,success,2026-08-17T18:41:22Z,2026-08-17T18:41:22Z,2026-08-17T18:42:18Z,56.0,5d53a1f3634de1e51ef9b6bf4a6e79e96820a608,dependabot/pre_commit/pre-commit-43b95424c2,2026-08-17T18:41:17Z,668,1,1,2,1,1,https://github.com/psf/requests/actions/runs/32056132987
github_actions,psf/requests,32056133208,2158,Tests,pull_request,completed,success,2026-08-17T18:41:22Z,2026-08-17T18:41:22Z,2026-08-17T18:46:18Z,296.0,5d53a1f3634de1e51ef9b6bf4a6e79e96820a608,dependabot/pre_commit/pre-commit-43b95424c2,2026-08-17T18:41:17Z,668,1,1,2,1,1,https://github.com/psf/requests/actions/runs/32056133208
github_actions,psf/requests,32056133168,1684,Lint code,pull_request,completed,success,2026-08-17T18:41:22Z,2026-08-17T18:41:22Z,2026-08-17T18:41:47Z,25.0,5d53a1f3634de1e51ef9b6bf4a6e79e96820a608,dependabot/pre_commit/pre-commit-43b95424c2,2026-08-17T18:41:17Z,668,1,1,2,1,1,https://github.com/psf/requests/actions/runs/32056133168
github_actions,psf/requests,32056133006,363,GitHub Actions Security Analysis with zizmor 🌈,pull_request,completed,success,2026-08-17T18:41:22Z,2026-08-17T18:41:22Z,2026-08-17T18:41:44Z,22.0,5d53a1f3634de1e51ef9b6bf4a6e79e96820a608,dependabot/pre_commit/pre-commit-43b95424c2,2026-08-17T18:41:17Z,668,1,1,2,1,1,https://github.com/psf/requests/actions/runs/32056133006
github_actions,psf/requests,32056133193,302,Type Check,pull_request,completed,success,2026-08-17T18:41:22Z,2026-08-17T18:41:22Z,2026-08-17T18:41:47Z,25.0,5d53a1f3634de1e51ef9b6bf4a6e79e96820a608,dependabot/pre_commit/pre-commit-43b95424c2,2026-08-17T18:41:17Z,668,1,1,2,1,1,https://github.com/psf/requests/actions/runs/32056133193
github_actions,psf/requests,32056128746,2157,Tests,push,completed,success,2026-08-17T18:41:19Z,2026-08-17T18:41:19Z,2026-08-17T18:45:51Z,272.0,5d53a1f3634de1e51ef9b6bf4a6e79e96820a608,dependabot/pre_commit/pre-commit-43b95424c2,2026-08-17T18:41:17Z,668,1,1,2,1,1,https://github.com/psf/requests/actions/runs/32056128746
github_actions,psf/requests,32056128737,301,Type Check,push,completed,success,2026-08-17T18:41:19Z,2026-08-17T18:41:19Z,2026-08-17T18:41:44Z,25.0,5d53a1f3634de1e51ef9b6bf4a6e79e96820a608,dependabot/pre_commit/pre-commit-43b95424c2,2026-08-17T18:41:17Z,668,1,1,2,1,1,https://github.com/psf/requests/actions/runs/32056128737
github_actions,psf/requests,32056128571,1683,Lint code,push,completed,success,2026-08-17T18:41:19Z,2026-08-17T18:41:19Z,2026-08-17T18:41:43Z,24.0,5d53a1f3634de1e51ef9b6bf4a6e79e96820a608,dependabot/pre_commit/pre-commit-43b95424c2,2026-08-17T18:41:17Z,668,1,1,2,1,1,https://github.com/psf/requests/actions/runs/32056128571
github_actions,psf/requests,32056052386,124,pre_commit in /. - Update #1529464035,dynamic,completed,success,2026-08-17T18:40:32Z,2026-08-17T18:40:32Z,2026-08-17T18:41:20Z,48.0,8068356288978c4f54661ae6f95afe0e0831885e,main,2026-08-11T16:14:26Z,760,1,1,2,1,1,https://github.com/psf/requests/actions/runs/32056052386
github_actions,psf/requests,32055954118,123,github_actions in /. - Update #1529458927,dynamic,completed,success,2026-08-17T18:39:21Z,2026-08-17T18:39:21Z,2026-08-17T18:40:25Z,64.0,8068356288978c4f54661ae6f95afe0e0831885e,main,2026-08-11T16:14:26Z,760,1,1,2,1,1,https://github.com/psf/requests/actions/runs/32055954118
github_actions,psf/requests,31980844869,7951,Lock Threads,schedule,completed,failure,2026-08-17T00:03:08Z,2026-08-17T00:03:08Z,2026-08-17T00:03:13Z,5.0,8068356288978c4f54661ae6f95afe0e0831885e,main,2026-08-11T16:14:26Z,760,1,1,2,1,1,https://github.com/psf/requests/actions/runs/31980844869
github_actions,psf/requests,31977925737,2202,CodeQL,schedule,completed,success,2026-08-16T23:00:52Z,2026-08-16T23:00:52Z,2026-08-16T23:02:02Z,70.0,8068356288978c4f54661ae6f95afe0e0831885e,main,2026-08-11T16:14:26Z,760,1,1,2,1,1,https://github.com/psf/requests/actions/runs/31977925737
github_actions,psf/requests,31916312754,7950,Lock Threads,schedule,completed,failure,2026-08-16T00:03:53Z,2026-08-16T00:03:53Z,2026-08-16T00:04:01Z,8.0,8068356288978c4f54661ae6f95afe0e0831885e,main,2026-08-11T16:14:26Z,760,1,1,2,1,1,https://github.com/psf/requests/actions/runs/31916312754
github_actions,psf/requests,31852464334,7949,Lock Threads,schedule,completed,failure,2026-08-15T00:04:17Z,2026-08-15T00:04:17Z,2026-08-15T00:04:26Z,9.0,8068356288978c4f54661ae6f95afe0e0831885e,main,2026-08-11T16:14:26Z,760,1,1,2,1,1,https://github.com/psf/requests/actions/runs/31852464334
github_actions,psf/requests,31756602699,7948,Lock Threads,schedule,completed,failure,2026-08-14T00:13:03Z,2026-08-14T00:13:03Z,2026-08-14T00:13:10Z,7.0,8068356288978c4f54661ae6f95afe0e0831885e,main,2026-08-11T16:14:26Z,760,1,1,2,1,1,https://github.com/psf/requests/actions/runs/31756602699
